SK_ID_CURR,SK_ID_BUREAU,CREDIT_ACTIVE,CREDIT_CURRENCY,DAYS_CREDIT,CREDIT_DAY_OVERDUE,DAYS_CREDIT_ENDDATE,DAYS_ENDDATE_FACT,AMT_CREDIT_MAX_OVERDUE,CNT_CREDIT_PROLONG,AMT_CREDIT_SUM,AMT_CREDIT_SUM_DEBT,AMT_CREDIT_SUM_LIMIT,AMT_CREDIT_SUM_OVERDUE,CREDIT_TYPE,DAYS_CREDIT_UPDATE,AMT_ANNUITY
215354,5714462,Closed,currency 1,-497,0,-153.0,-153.0,,0,91323.0,0.0,,0.0,Consumer credit,-131,
215354,5714463,Active,currency 1,-208,0,1075.0,,,0,225000.0,171342.0,,0.0,Credit card,-20,
215354,5714464,Active,currency 1,-203,0,528.0,,,0,464323.5,,,0.0,Consumer credit,-16,
215354,5714465,Active,currency 1,-203,0,,,,0,90000.0,,,0.0,Credit card,-16,
215354,5714466,Active,currency 1,-629,0,1197.0,,77674.5,0,2700000.0,,,0.0,Consumer credit,-21,
215354,5714467,Active,currency 1,-273,0,27460.0,,0.0,0,180000.0,71017.38,108982.62,0.0,Credit card,-31,
215354,5714468,Active,currency 1,-43,0,79.0,,0.0,0,42103.8,42103.8,0.0,0.0,Consumer credit,-22,
162297,5714469,Closed,currency 1,-1896,0,-1684.0,-1710.0,14985.0,0,76878.45,0.0,0.0,0.0,Consumer credit,-1710,
162297,5714470,Closed,currency 1,-1146,0,-811.0,-840.0,0.0,0,103007.7,0.0,0.0,0.0,Consumer credit,-840,
162297,5714471,Active,currency 1,-1146,0,-484.0,,0.0,0,4500.0,0.0,0.0,0.0,Credit card,-690,
162297,5714472,Active,currency 1,-1146,0,-180.0,,0.0,0,337500.0,0.0,0.0,0.0,Credit card,-690,
162297,5714473,Closed,currency 1,-2456,0,-629.0,-825.0,,0,675000.0,0.0,0.0,0.0,Consumer credit,-706,
162297,5714474,Active,currency 1,-277,0,5261.0,,0.0,0,7033500.0,,,0.0,Mortgage,-31,
402440,5714475,Active,currency 1,-96,0,269.0,,0.0,0,89910.0,76905.0,0.0,0.0,Consumer credit,-22,
238881,5714482,Closed,currency 1,-318,0,-187.0,-187.0,,0,0.0,0.0,0.0,0.0,Credit card,-185,
238881,5714484,Closed,currency 1,-2911,0,-2607.0,-2604.0,,0,48555.0,,,0.0,Consumer credit,-2601,
238881,5714485,Closed,currency 1,-2148,0,-1595.0,-987.0,,0,135000.0,,,0.0,Consumer credit,-984,
238881,5714486,Active,currency 1,-381,0,,,,0,450000.0,520920.0,,0.0,Consumer credit,-4,
238881,5714487,Active,currency 1,-95,0,1720.0,,,0,67500.0,8131.5,,0.0,Credit card,-7,
238881,5714488,Closed,currency 1,-444,0,-77.0,-77.0,0.0,0,107184.06,0.0,0.0,0.0,Consumer credit,-71,
238881,5714489,Active,currency 1,-392,0,,,0.0,0,252000.0,23679.0,228320.1,0.0,Credit card,-22,
222183,5714491,Active,currency 1,-784,0,1008.0,,0.0,0,0.0,-411.615,411.615,0.0,Credit card,-694,
222183,5714492,Active,currency 1,-774,0,625.0,,,0,127840.5,0.0,0.0,0.0,Credit card,-210,
222183,5714493,Active,currency 1,-395,0,1431.0,,,0,1350000.0,1185493.5,0.0,0.0,Consumer credit,-24,
222183,5714495,Closed,currency 1,-2744,0,-2561.0,-2559.0,310.5,0,18157.5,,,0.0,Consumer credit,-2559,
222183,5714496,Closed,currency 1,-1103,0,-7.0,-343.0,20493.27,0,675000.0,0.0,0.0,0.0,Consumer credit,-343,
222183,5714497,Active,currency 1,-315,0,1512.0,,88821.0,0,3709552.5,,,0.0,Car loan,-32,
426155,5714498,Closed,currency 1,-1331,0,-994.0,-1023.0,1350.0,0,39433.5,0.0,0.0,0.0,Consumer credit,-1023,
426155,5714499,Closed,currency 1,-2534,0,-2352.0,-2347.0,,0,38830.5,0.0,0.0,0.0,Consumer credit,-2345,
426155,5714500,Closed,currency 1,-845,0,-480.0,-480.0,0.0,0,67500.0,0.0,0.0,0.0,Consumer credit,-480,
426155,5714501,Closed,currency 1,-529,0,-343.0,-343.0,0.0,0,182791.44,0.0,0.0,0.0,Consumer credit,-337,
136226,5714502,Active,currency 1,-521,0,551.0,,,0,112500.0,0.0,0.0,0.0,Credit card,-30,
136226,5714503,Closed,currency 1,-559,0,,-355.0,0.0,0,110250.0,0.0,0.0,0.0,Credit card,-351,
400486,5714504,Closed,currency 1,-2413,0,-1864.0,-2128.0,,0,180000.0,0.0,0.0,0.0,Consumer credit,-708,
400486,5714506,Active,currency 1,-941,0,-17.0,,,0,40500.0,0.0,0.0,0.0,Credit card,-15,
400486,5714507,Closed,currency 1,-1110,0,-745.0,-727.0,,0,114727.5,0.0,0.0,0.0,Consumer credit,-658,
400486,5714508,Closed,currency 1,-2133,0,-1038.0,-1127.0,,0,225000.0,0.0,0.0,0.0,Consumer credit,-708,
400486,5714509,Active,currency 1,-391,0,705.0,,,0,142290.0,108315.0,0.0,0.0,Consumer credit,-30,
435112,5714512,Closed,currency 1,-1412,0,-861.0,-849.0,,0,85288.5,0.0,0.0,0.0,Consumer credit,-753,
435112,5714513,Closed,currency 1,-1590,0,-1344.0,-1276.0,,0,100129.5,0.0,0.0,0.0,Consumer credit,-783,
435112,5714514,Closed,currency 1,-1181,0,-875.0,-872.0,,0,44419.5,0.0,0.0,0.0,Consumer credit,-872,
435112,5714516,Closed,currency 1,-1475,0,-1293.0,-1322.0,,0,21690.0,0.0,,0.0,Consumer credit,-1322,
435112,5714517,Closed,currency 1,-1411,0,-861.0,-861.0,,0,85293.0,0.0,,0.0,Consumer credit,-855,
435112,5714518,Active,currency 1,-1483,0,,,,0,200250.0,0.0,,0.0,Credit card,-848,
435112,5714519,Closed,currency 1,-1589,0,-1344.0,-1292.0,3980.52,0,100129.5,0.0,0.0,0.0,Consumer credit,-736,
435112,5714520,Closed,currency 1,-829,0,-508.0,-508.0,0.0,0,159386.085,0.0,0.0,0.0,Consumer credit,-508,
435112,5714521,Closed,currency 1,-739,0,-525.0,-525.0,0.0,0,48645.0,0.0,0.0,0.0,Consumer credit,-519,
435112,5714522,Active,currency 1,-508,0,1318.0,,0.0,0,1058823.54,858768.57,0.0,0.0,Consumer credit,-7,
435112,5714523,Active,currency 1,-416,0,680.0,,0.0,0,256500.0,183528.0,0.0,0.0,Consumer credit,-43,
452585,5714524,Closed,currency 1,-2642,0,-2307.0,-2332.0,1800.0,0,15921.0,0.0,0.0,0.0,Consumer credit,-2306,
452585,5714525,Active,currency 1,-2538,0,-1427.0,,0.0,0,45000.0,0.0,0.0,0.0,Credit card,-682,
452585,5714527,Active,currency 1,-42,0,-26.0,,,0,45000.0,54000.0,0.0,0.0,Consumer credit,-31,
452585,5714528,Closed,currency 1,-2898,0,-2722.0,-2344.0,,0,11340.0,,,0.0,Consumer credit,-2344,
389599,5714529,Closed,currency 1,-672,0,10285.0,-531.0,,0,135000.0,0.0,0.0,0.0,Credit card,-429,
389599,5714530,Closed,currency 1,-1304,0,1253.0,-1287.0,,0,225000.0,0.0,0.0,0.0,Consumer credit,-429,
389599,5714531,Closed,currency 1,-1253,0,-887.0,-887.0,,0,43105.5,0.0,0.0,0.0,Consumer credit,-687,
389599,5714532,Closed,currency 1,-1130,0,331.0,-858.0,,0,450000.0,0.0,0.0,0.0,Consumer credit,-847,
389599,5714533,Active,currency 1,-831,0,277.0,,,0,270000.0,274225.5,0.0,0.0,Credit card,-10,
389599,5714534,Active,currency 1,-329,0,1497.0,,,0,589500.0,521478.0,0.0,0.0,Consumer credit,-8,
389599,5714536,Closed,currency 1,-700,0,-600.0,-600.0,0.0,0,68715.0,0.0,0.0,0.0,Consumer credit,-596,
242993,5714537,Closed,currency 1,-2785,0,-958.0,-1769.0,,0,225000.0,0.0,0.0,0.0,Consumer credit,-908,
242993,5714538,Closed,currency 1,-683,0,-654.0,-654.0,,0,40500.0,0.0,0.0,0.0,Consumer credit,-624,
242993,5714539,Closed,currency 1,-744,0,-717.0,-717.0,,0,45000.0,0.0,0.0,0.0,Consumer credit,-624,
242993,5714541,Closed,currency 1,-801,0,-773.0,-773.0,,0,45000.0,0.0,0.0,0.0,Consumer credit,-624,
242993,5714542,Closed,currency 1,-1841,0,-1473.0,-1466.0,,0,225000.0,0.0,0.0,0.0,Consumer credit,-1195,
242993,5714543,Active,currency 1,-2237,0,-1868.0,,,0,135000.0,,,0.0,Consumer credit,-1874,
242993,5714544,Closed,currency 1,-1201,0,-1081.0,-987.0,,0,157500.0,,,0.0,Consumer credit,-984,
242993,5714545,Closed,currency 1,-1844,0,-1473.0,-987.0,,0,225000.0,,,0.0,Consumer credit,-984,
242993,5714547,Closed,currency 1,-705,0,-614.0,-586.0,,0,158566.5,,,0.0,Consumer credit,-580,
242993,5714548,Closed,currency 1,-605,0,-577.0,-577.0,,0,13500.0,,,0.0,Consumer credit,-572,
242993,5714549,Closed,currency 1,-564,0,-535.0,-535.0,,0,45000.0,,,0.0,Consumer credit,-531,
242993,5714550,Active,currency 1,-382,0,1464.0,,,0,58500.0,59809.5,,0.0,Credit card,-341,
242993,5714551,Closed,currency 1,-865,0,-742.0,-833.0,0.0,0,29250.0,0.0,0.0,0.0,Consumer credit,-833,
303740,5714552,Closed,currency 1,-1423,0,-1119.0,-1118.0,,0,79744.5,0.0,0.0,0.0,Consumer credit,-1118,
303740,5714553,Closed,currency 1,-666,0,-574.0,-574.0,0.0,0,36916.56,0.0,0.0,0.0,Consumer credit,-568,
303740,5714554,Active,currency 1,-581,0,,,0.0,0,384750.0,263056.5,121690.17,0.0,Credit card,-22,
303740,5714555,Closed,currency 1,-433,0,-320.0,-320.0,0.0,0,67500.0,0.0,0.0,0.0,Consumer credit,-316,
234931,5714557,Active,currency 1,-1272,0,-667.0,,,0,135000.0,17982.0,0.0,0.0,Consumer credit,-721,
234931,5714558,Closed,currency 1,-1602,0,-1332.0,-987.0,,0,42894.0,,,0.0,Consumer credit,-984,
234931,5714559,Closed,currency 1,-1273,0,-667.0,-649.0,,0,135000.0,,,0.0,Consumer credit,-643,
234931,5714560,Closed,currency 1,-371,0,-130.0,-130.0,,0,63522.0,0.0,,0.0,Consumer credit,-110,
234931,5714561,Closed,currency 1,-2638,0,-1208.0,-1518.0,18293.265,0,1143000.0,0.0,0.0,0.0,Car loan,-704,
234931,5714562,Closed,currency 1,-1495,0,-635.0,-40.0,12618.0,0,46831.5,,,0.0,Consumer credit,-34,
311918,5714563,Closed,currency 1,-2904,0,-2723.0,-2723.0,,0,32899.5,0.0,,0.0,Consumer credit,-2723,
311918,5714564,Active,currency 1,-146,0,37.0,,0.0,0,59085.0,20835.0,0.0,0.0,Consumer credit,-24,
119939,5714566,Closed,currency 1,-2279,0,-1945.0,-2033.0,0.0,0,39541.5,0.0,0.0,0.0,Consumer credit,-2033,
119939,5714567,Closed,currency 1,-2247,0,-1123.0,-1733.0,0.0,0,135000.0,0.0,0.0,0.0,Credit card,-1733,
119939,5714568,Closed,currency 1,-1447,0,-331.0,-1272.0,0.0,0,99000.0,-2692.17,137692.17,0.0,Credit card,-1272,
119939,5714569,Closed,currency 1,-1390,0,-331.0,-1263.0,0.0,0,135000.0,-149.04,135149.04,0.0,Credit card,-1263,
119939,5714570,Active,currency 1,-1390,0,-696.0,,0.0,0,4500.0,-2.565,2.565,0.0,Credit card,-691,
119939,5714571,Active,currency 1,-733,0,1100.0,,0.0,0,337500.0,242596.395,94903.605,0.0,Credit card,-687,
119939,5714573,Closed,currency 1,-1188,0,1369.0,-1090.0,,0,450000.0,0.0,0.0,0.0,Consumer credit,-429,
119939,5714574,Closed,currency 1,-437,0,1389.0,-225.0,,0,1226250.0,0.0,0.0,0.0,Consumer credit,-194,
119939,5714575,Closed,currency 1,-944,0,335.0,-548.0,,0,1215000.0,0.0,0.0,0.0,Consumer credit,-513,
119939,5714577,Active,currency 1,-1102,0,4.0,,,0,225000.0,210730.5,0.0,0.0,Credit card,-10,
119939,5714578,Closed,currency 1,-1572,0,-1179.0,-987.0,,0,225000.0,,,0.0,Consumer credit,-984,
119939,5714579,Closed,currency 1,-1791,0,-1703.0,-987.0,,0,22770.0,,,0.0,Consumer credit,-984,
119939,5714580,Active,currency 1,-2401,0,,,0.0,0,99000.0,45036.0,53962.695,0.0,Credit card,-22,
119939,5714581,Closed,currency 1,-1624,0,203.0,-1085.0,40.5,0,765000.0,,,0.0,Consumer credit,-1085,
119939,5714582,Closed,currency 1,-1617,0,9341.0,-1083.0,6007.5,0,144000.0,,,0.0,Credit card,-1083,
119939,5714583,Closed,currency 1,-937,0,889.0,-156.0,0.0,0,675000.0,,,0.0,Consumer credit,-156,
119939,5714585,Active,currency 1,-314,0,1512.0,,0.0,0,900000.0,,,0.0,Consumer credit,-40,
388421,5714587,Active,currency 1,-685,0,410.0,,0.0,0,135000.0,0.0,135000.0,0.0,Credit card,-236,
388421,5714590,Closed,currency 1,-325,0,223.0,-112.0,,0,87286.5,0.0,0.0,0.0,Consumer credit,-106,
388421,5714591,Active,currency 1,-674,0,1152.0,,,0,868500.0,662139.0,0.0,0.0,Consumer credit,-25,
388421,5714593,Active,currency 1,-378,0,1449.0,,0.0,0,991800.0,,,0.0,Consumer credit,-31,
419892,5714594,Closed,currency 1,-1697,0,-1148.0,-1148.0,,0,70695.0,0.0,0.0,0.0,Consumer credit,-696,
419892,5714595,Closed,currency 1,-1238,0,-878.0,-1120.0,,0,22320.0,0.0,0.0,0.0,Consumer credit,-1119,
419892,5714596,Active,currency 1,-381,0,,,,0,2767500.0,2739622.5,,0.0,Mortgage,-27,
419892,5714597,Closed,currency 1,-584,0,511.0,-405.0,0.0,0,238603.5,0.0,0.0,0.0,Consumer credit,-405,
387080,5714598,Closed,currency 1,-983,0,-623.0,-900.0,,0,52987.5,0.0,0.0,0.0,Consumer credit,-802,
387080,5714600,Closed,currency 1,-1104,0,-738.0,-731.0,,0,194400.0,0.0,0.0,0.0,Consumer credit,-731,
387080,5714601,Closed,currency 1,-1766,0,-1219.0,-1256.0,,0,135000.0,0.0,0.0,0.0,Consumer credit,-1252,
387080,5714602,Active,currency 1,-1082,0,745.0,,,0,197820.0,105840.0,0.0,0.0,Consumer credit,-10,
387080,5714603,Active,currency 1,-1239,0,-149.0,,,0,225000.0,185953.5,0.0,0.0,Credit card,-10,
387080,5714604,Active,currency 1,-681,0,1145.0,,,0,328500.0,244791.0,0.0,0.0,Consumer credit,-10,
387080,5714606,Closed,currency 1,-2897,0,-2350.0,-2357.0,,0,67500.0,,,0.0,Consumer credit,-2357,
387080,5714607,Closed,currency 1,-1603,0,-1299.0,-1087.0,,0,70335.0,0.0,,0.0,Consumer credit,-1087,
387080,5714608,Closed,currency 1,-2093,0,-1949.0,-987.0,,0,44968.5,,,0.0,Consumer credit,-984,
387080,5714609,Active,currency 1,-69,0,263.0,,,0,84361.5,,,0.0,Consumer credit,-6,
387080,5714610,Closed,currency 1,-2299,0,-1932.0,-1932.0,0.0,0,72600.75,0.0,0.0,0.0,Consumer credit,-1603,
387080,5714611,Closed,currency 1,-549,0,-364.0,-488.0,0.0,0,37935.0,0.0,0.0,0.0,Consumer credit,-486,
387080,5714612,Closed,currency 1,-388,0,-21.0,-84.0,0.0,0,98446.5,0.0,0.0,0.0,Consumer credit,-84,
387080,5714614,Active,currency 1,-18,0,378.0,,0.0,0,76500.0,76500.0,0.0,0.0,Consumer credit,-14,
293201,5714620,Closed,currency 1,-2730,0,-2454.0,-2514.0,0.0,0,14058.0,0.0,0.0,0.0,Consumer credit,-2514,
293201,5714621,Closed,currency 1,-2389,0,-1365.0,-1780.0,11250.0,0,225000.0,-701.28,225701.28,0.0,Credit card,-1780,
293201,5714622,Closed,currency 1,-2255,0,-1982.0,-1987.0,6492.42,0,46033.92,0.0,0.0,0.0,Consumer credit,-1981,
293201,5714624,Active,currency 1,-1425,0,-757.0,,0.0,0,4500.0,0.0,4500.0,0.0,Credit card,-695,
293201,5714625,Closed,currency 1,-2540,0,-713.0,-2209.0,,0,360000.0,0.0,0.0,0.0,Consumer credit,-1261,
338464,5714626,Closed,currency 1,-2655,0,-2319.0,-2348.0,0.0,0,20165.4,0.0,0.0,0.0,Consumer credit,-831,
338464,5714627,Closed,currency 1,-2539,0,-1427.0,-651.0,0.0,0,45000.0,0.0,0.0,0.0,Credit card,-651,
338464,5714628,Closed,currency 1,-2343,0,-2008.0,-2219.0,0.0,0,19192.5,0.0,0.0,0.0,Consumer credit,-2219,
338464,5714629,Closed,currency 1,-857,0,-523.0,-582.0,3285.0,0,33853.5,0.0,0.0,0.0,Consumer credit,-582,
338464,5714630,Active,currency 1,-857,0,765.0,,1704.78,0,45000.0,38294.37,6705.63,0.0,Credit card,-675,
338464,5714631,Active,currency 1,-1131,0,-27.0,,,0,270000.0,0.0,0.0,0.0,Credit card,-17,
338464,5714633,Closed,currency 1,-1706,0,-976.0,-1260.0,,0,247500.0,0.0,0.0,0.0,Consumer credit,-538,
338464,5714634,Active,currency 1,-140,0,,,0.0,0,144000.0,143019.0,980.28,0.0,Credit card,-22,
444864,5714635,Closed,currency 1,-2209,0,-2086.0,-2115.0,0.0,0,16645.5,0.0,0.0,0.0,Consumer credit,-2115,
444864,5714636,Closed,currency 1,-2130,0,-1886.0,-1883.0,,0,66600.0,0.0,0.0,0.0,Consumer credit,-791,
444864,5714637,Closed,currency 1,-1125,0,-881.0,-881.0,,0,82795.5,0.0,0.0,0.0,Consumer credit,-752,
444864,5714638,Closed,currency 1,-1872,0,-1568.0,-1549.0,,0,49936.5,0.0,0.0,0.0,Consumer credit,-801,
444864,5714639,Closed,currency 1,-2030,0,31111.0,-1750.0,,0,85050.0,0.0,0.0,0.0,Credit card,-555,
444864,5714640,Closed,currency 1,-1776,0,-680.0,-712.0,,0,157500.0,0.0,0.0,0.0,Consumer credit,-188,
444864,5714642,Closed,currency 1,-1124,0,-881.0,-881.0,,0,82795.5,0.0,,0.0,Consumer credit,-876,
444864,5714643,Closed,currency 1,-1871,0,-1568.0,-1568.0,,0,49936.5,0.0,,0.0,Consumer credit,-820,
444864,5714644,Closed,currency 1,-2129,0,-1886.0,-1886.0,,0,66600.0,0.0,,0.0,Consumer credit,-820,
444864,5714645,Closed,currency 1,-1416,0,-685.0,-685.0,0.0,0,182119.5,0.0,0.0,0.0,Consumer credit,-680,
444864,5714646,Closed,currency 1,-312,0,-130.0,-130.0,0.0,0,52488.0,0.0,0.0,0.0,Consumer credit,-127,
444864,5714647,Active,currency 1,-286,0,,,0.0,0,364500.0,0.0,364500.0,0.0,Credit card,-29,
253882,5714648,Closed,currency 1,-1341,0,-241.0,-749.0,,0,0.0,0.0,,0.0,Credit card,-747,
253882,5714649,Active,currency 1,-758,0,1095.0,,,0,315000.0,54895.5,,0.0,Credit card,0,
253882,5714650,Closed,currency 1,-1531,0,-800.0,-805.0,0.0,0,138987.0,0.0,0.0,0.0,Consumer credit,-805,
253882,5714651,Closed,currency 1,-770,0,-467.0,-467.0,0.0,0,50301.0,0.0,0.0,0.0,Consumer credit,-463,
335122,5714653,Closed,currency 1,-1189,0,-109.0,-874.0,,0,225000.0,0.0,0.0,0.0,Consumer credit,-860,
335122,5714654,Closed,currency 1,-2426,0,-600.0,-556.0,,0,540000.0,0.0,0.0,0.0,Consumer credit,-188,
335122,5714655,Active,currency 1,-644,0,1182.0,,,0,900000.0,,,0.0,Consumer credit,-30,
335122,5714656,Active,currency 1,-885,0,210.0,,,0,900000.0,,,0.0,Consumer credit,-30,
335122,5714657,Closed,currency 1,-2740,0,-2434.0,-2496.0,0.0,0,54000.0,0.0,0.0,0.0,Consumer credit,-2494,
351919,5714658,Active,currency 1,-769,0,1057.0,,,0,409500.0,295542.0,0.0,0.0,Consumer credit,-14,
406724,5714661,Closed,currency 1,-1293,0,-1155.0,-1155.0,,0,13500.0,0.0,0.0,0.0,Credit card,-775,
406724,5714662,Closed,currency 1,-1433,0,-1251.0,-1245.0,,0,23067.0,0.0,0.0,0.0,Consumer credit,-783,
406724,5714663,Closed,currency 1,-1432,0,-1251.0,-1251.0,,0,23067.0,0.0,,0.0,Consumer credit,-1142,
406724,5714665,Active,currency 1,-167,0,1298.0,,0.0,0,606496.995,574827.21,0.0,0.0,Consumer credit,-5,
389074,5714667,Closed,currency 1,-957,0,-342.0,-341.0,,0,13500.0,0.0,0.0,0.0,Credit card,-334,
389074,5714668,Closed,currency 1,-705,0,-433.0,-404.0,,0,135729.0,,,0.0,Consumer credit,-398,
389074,5714669,Closed,currency 1,-1049,0,-378.0,-378.0,0.0,0,113496.885,0.0,0.0,0.0,Consumer credit,-372,
373324,5714674,Active,currency 1,-837,0,-453.0,,0.0,0,0.0,-45.36,45.36,0.0,Credit card,-685,
373324,5714675,Active,currency 1,-341,0,-160.0,,0.0,0,63496.17,63496.17,0.0,0.0,Consumer credit,-234,
373324,5714676,Closed,currency 1,-586,0,-402.0,-402.0,,0,90180.0,0.0,0.0,0.0,Consumer credit,-400,
373324,5714677,Closed,currency 1,-1439,0,-1134.0,-1123.0,,0,60399.0,0.0,0.0,0.0,Consumer credit,-775,
373324,5714679,Active,currency 1,-577,0,521.0,,,0,225000.0,45324.0,0.0,0.0,Credit card,-25,
373324,5714681,Closed,currency 1,-2819,0,-2516.0,-2516.0,,0,24903.0,0.0,,0.0,Consumer credit,-2516,
373324,5714682,Closed,currency 1,-2673,0,-2307.0,-2307.0,,0,31788.0,0.0,,0.0,Consumer credit,-2307,
373324,5714683,Closed,currency 1,-1438,0,-1134.0,-1153.0,,0,60399.0,0.0,,0.0,Consumer credit,-1128,
373324,5714684,Closed,currency 1,-1913,0,-1609.0,-1609.0,,0,53410.5,0.0,,0.0,Consumer credit,-1128,
373324,5714685,Closed,currency 1,-1593,0,-1109.0,-987.0,,0,79456.5,,,0.0,Consumer credit,-984,
373324,5714686,Closed,currency 1,-986,0,-805.0,-740.0,,0,68850.0,,,0.0,Consumer credit,-738,
373324,5714687,Closed,currency 1,-2455,0,-2273.0,-1925.0,0.0,0,31410.0,0.0,0.0,0.0,Consumer credit,-1924,
373324,5714688,Closed,currency 1,-2216,0,-2121.0,-2095.0,0.0,0,20002.5,0.0,0.0,0.0,Consumer credit,-2095,
373324,5714689,Closed,currency 1,-1805,0,,-320.0,0.0,0,13500.0,0.0,0.0,0.0,Credit card,-229,
286014,5714690,Active,currency 1,-137,0,27460.0,,0.0,0,22500.0,18765.63,76.59,0.0,Credit card,-31,
241216,5714692,Closed,currency 1,-259,0,-139.0,-230.0,0.0,0,10464.435,0.0,0.0,0.0,Consumer credit,-227,
241216,5714693,Active,currency 1,-199,0,-14.0,,0.0,0,40810.5,8055.0,0.0,0.0,Consumer credit,-22,
166034,5714697,Closed,currency 1,-1283,0,-1069.0,-1083.0,3727.89,0,19399.5,0.0,0.0,0.0,Consumer credit,-1068,
166034,5714698,Closed,currency 1,-828,0,-613.0,-642.0,13590.0,0,70692.84,0.0,0.0,0.0,Consumer credit,-642,
166034,5714699,Active,currency 1,-828,0,916.0,,0.0,0,4500.0,0.0,4500.0,0.0,Credit card,-676,
166034,5714700,Closed,currency 1,-1207,0,-1021.0,-1021.0,,0,93240.0,0.0,0.0,0.0,Consumer credit,-981,
166034,5714701,Active,currency 1,-706,0,369.0,,,0,459000.0,483534.0,0.0,0.0,Credit card,-4,
166034,5714702,Active,currency 1,-262,0,103.0,,,0,450000.0,174519.0,,0.0,Consumer credit,-7,
166034,5714704,Active,currency 1,-718,0,,,2189.205,0,45000.0,43357.5,1638.765,0.0,Credit card,-22,
166034,5714705,Closed,currency 1,-612,0,-245.0,-207.0,13225.725,0,178335.0,0.0,0.0,0.0,Consumer credit,-206,
399459,5714708,Closed,currency 1,-1141,0,-837.0,-784.0,,0,113359.5,,,0.0,Consumer credit,-781,
399459,5714709,Active,currency 1,-49,0,316.0,,0.0,0,24763.5,22968.0,0.0,0.0,Consumer credit,-19,
173404,5714710,Closed,currency 1,-1103,0,-304.0,-303.0,,0,216000.0,0.0,0.0,0.0,Credit card,-303,
173404,5714711,Closed,currency 1,-1166,0,-915.0,-915.0,,0,107037.0,0.0,0.0,0.0,Consumer credit,-752,
173404,5714712,Active,currency 1,-45,0,320.0,,,0,234000.0,234000.0,0.0,0.0,Consumer credit,-26,
173404,5714713,Closed,currency 1,-1165,0,-860.0,-915.0,0.0,0,107037.0,0.0,0.0,0.0,Consumer credit,-825,
280788,5714715,Active,currency 1,-221,0,875.0,,,0,220675.5,,,0.0,Consumer credit,-30,
280788,5714716,Active,currency 1,-221,0,,,,0,90000.0,,,0.0,Credit card,-9,
280788,5714717,Active,currency 1,-728,0,2.0,,3520.8,0,112500.0,5926.5,0.0,0.0,Consumer credit,-27,
280788,5714718,Closed,currency 1,-637,0,-120.0,-120.0,1856.34,0,56532.645,0.0,0.0,0.0,Consumer credit,-120,
280788,5714719,Active,currency 1,-430,0,300.0,,0.0,0,130500.0,78700.5,0.0,0.0,Consumer credit,-34,
280788,5714720,Active,currency 1,-120,0,976.0,,0.0,0,90000.0,67877.19,22122.81,0.0,Credit card,-12,
312983,5714722,Active,currency 1,-656,0,3015.0,,,0,630000.0,547870.5,0.0,0.0,Credit card,-5,
312983,5714723,Closed,currency 1,-2128,0,-1746.0,-1748.0,,0,135000.0,,,0.0,Consumer credit,-1748,
312983,5714724,Closed,currency 1,-1923,0,-1381.0,-1384.0,,0,90000.0,,,0.0,Consumer credit,-1384,
312983,5714725,Closed,currency 1,-1278,0,,-244.0,0.0,0,66780.0,0.0,0.0,0.0,Credit card,-211,
272136,5714726,Active,currency 1,-177,0,554.0,,,0,225000.0,201712.5,0.0,0.0,Consumer credit,-80,
272136,5714727,Active,currency 1,-220,0,1241.0,,,0,225000.0,207594.0,0.0,0.0,Consumer credit,-25,
415899,5714728,Closed,currency 1,-496,0,-131.0,-130.0,,0,229050.0,0.0,0.0,0.0,Consumer credit,-26,
415899,5714729,Active,currency 1,-500,0,916.0,,,0,225000.0,93469.5,0.0,0.0,Credit card,-24,
415899,5714730,Active,currency 1,-122,0,426.0,,,0,450000.0,406021.5,0.0,0.0,Consumer credit,-26,
451241,5714733,Closed,currency 1,-2309,0,-1183.0,-1212.0,20880.0,0,517500.0,0.0,0.0,0.0,Consumer credit,-1212,
451241,5714734,Closed,currency 1,-1729,0,-1635.0,-1610.0,,0,67005.0,0.0,0.0,0.0,Consumer credit,-800,
451241,5714735,Closed,currency 1,-1010,0,-766.0,-980.0,,0,75825.0,0.0,0.0,0.0,Consumer credit,-978,
451241,5714736,Closed,currency 1,-1728,0,-1635.0,-1636.0,,0,67005.0,0.0,,0.0,Consumer credit,-1632,
451241,5714737,Active,currency 1,-1321,0,,,0.0,0,0.0,0.0,0.0,0.0,Credit card,-228,
451241,5714738,Closed,currency 1,-997,0,-677.0,-677.0,10732.68,0,363600.0,0.0,0.0,0.0,Consumer credit,-677,
451241,5714741,Closed,currency 1,-594,0,-448.0,-448.0,0.0,0,225000.0,0.0,0.0,0.0,Consumer credit,-448,
451241,5714742,Closed,currency 1,-460,0,-283.0,-283.0,18639.135,0,225000.0,0.0,0.0,0.0,Consumer credit,-283,
451241,5714743,Active,currency 1,-455,0,94.0,,7420.5,0,142515.0,40284.0,0.0,0.0,Consumer credit,-28,
383257,5714745,Active,currency 1,-257,0,1069.0,,,0,180000.0,0.0,0.0,0.0,Credit card,-8,
383257,5714746,Active,currency 1,-601,0,-241.0,,,0,0.0,0.0,0.0,0.0,Credit card,-513,
383257,5714748,Active,currency 1,-140,0,,,,0,90000.0,,,0.0,Credit card,-135,
383257,5714749,Active,currency 1,-140,0,225.0,,,0,337869.0,,,0.0,Consumer credit,-16,
435368,5714751,Active,currency 1,-2915,0,-606.0,,35.055,0,135000.0,-638.1,135638.1,0.0,Credit card,-694,
435368,5714752,Closed,currency 1,-2335,0,-2121.0,-2150.0,0.0,0,23363.1,0.0,0.0,0.0,Consumer credit,-2150,
435368,5714754,Closed,currency 1,-1360,0,-826.0,-791.0,,0,0.0,0.0,0.0,0.0,Credit card,-790,
435368,5714755,Closed,currency 1,-1574,0,-478.0,-478.0,,0,144000.0,0.0,0.0,0.0,Consumer credit,-83,
435368,5714756,Closed,currency 1,-1641,0,-1337.0,-987.0,,0,148905.0,,,0.0,Consumer credit,-984,
435368,5714757,Closed,currency 1,-369,0,-339.0,-314.0,,0,145890.0,,,0.0,Consumer credit,-307,
435368,5714758,Active,currency 1,-265,0,830.0,,,0,363375.0,,,0.0,Consumer credit,-6,
435368,5714759,Closed,currency 1,-2630,0,-2142.0,-2141.0,6457.5,0,88951.5,,,0.0,Consumer credit,-2136,
227903,5714763,Closed,currency 1,-1847,0,-21.0,-203.0,,0,450000.0,0.0,0.0,0.0,Consumer credit,-188,
227903,5714764,Closed,currency 1,-1844,0,-1663.0,-987.0,,0,72225.0,,,0.0,Consumer credit,-984,
227903,5714765,Closed,currency 1,-1930,0,-1838.0,-987.0,,0,109138.5,,,0.0,Consumer credit,-984,
228777,5714770,Closed,currency 1,-2264,0,-1153.0,-1479.0,21161.115,0,337500.0,-15.255,337515.255,0.0,Credit card,-1202,
228777,5714772,Closed,currency 1,-1419,0,-657.0,-687.0,25470.0,0,481320.0,0.0,0.0,0.0,Consumer credit,-687,
228777,5714773,Closed,currency 1,-1222,0,-96.0,-1129.0,0.0,0,1588140.0,0.0,0.0,0.0,Consumer credit,-1129,
228777,5714774,Closed,currency 1,-838,0,380.0,-534.0,,0,639000.0,0.0,0.0,0.0,Consumer credit,-328,
228777,5714775,Closed,currency 1,-1057,0,404.0,-323.0,,0,423000.0,0.0,0.0,0.0,Consumer credit,-291,
228777,5714776,Active,currency 1,-1144,0,31081.0,,,0,225000.0,0.0,0.0,0.0,Credit card,-41,
228777,5714777,Closed,currency 1,-1298,0,-290.0,-232.0,,0,0.0,0.0,0.0,0.0,Credit card,-229,
228777,5714779,Active,currency 1,-728,0,-22.0,,,0,243000.0,227268.0,0.0,0.0,Credit card,-15,
228777,5714780,Active,currency 1,-1547,0,279.0,,,0,2547000.0,466951.5,0.0,0.0,Consumer credit,-26,
228777,5714781,Closed,currency 1,-728,0,308.0,-119.0,,0,675000.0,0.0,,0.0,Consumer credit,-106,
228777,5714782,Active,currency 1,-90,0,,,0.0,0,540000.0,490185.0,0.0,0.0,Credit card,-21,
228777,5714783,Active,currency 1,-46,0,319.0,,0.0,0,203760.0,203760.0,0.0,0.0,Consumer credit,-24,
304102,5714784,Closed,currency 1,-1509,0,-1114.0,-1173.0,4140.0,0,37440.0,0.0,0.0,0.0,Consumer credit,-1173,
266501,5714785,Closed,currency 1,-597,0,-413.0,-444.0,,0,77400.0,0.0,0.0,0.0,Consumer credit,-439,
266501,5714786,Closed,currency 1,-1445,0,-1112.0,-1112.0,,0,97200.0,0.0,0.0,0.0,Consumer credit,-1076,
266501,5714787,Closed,currency 1,-1575,0,-1274.0,-637.0,,0,115771.5,0.0,0.0,0.0,Consumer credit,-555,
266501,5714788,Closed,currency 1,-1491,0,9467.0,-1459.0,0.0,0,22500.0,,,0.0,Credit card,-1459,
417300,5714790,Active,currency 1,-1253,0,-180.0,,,0,90000.0,0.0,0.0,0.0,Credit card,-14,
417300,5714791,Closed,currency 1,-2427,0,-601.0,-609.0,,0,1125000.0,0.0,0.0,0.0,Consumer credit,-83,
417300,5714792,Active,currency 1,-740,0,-10.0,,,0,234000.0,11682.0,0.0,0.0,Consumer credit,-14,
417300,5714793,Active,currency 1,-521,0,209.0,,,0,378000.0,144112.5,0.0,0.0,Consumer credit,-14,
417300,5714794,Active,currency 1,-41,0,1055.0,,,0,570825.0,570825.0,0.0,0.0,Consumer credit,-13,
417300,5714795,Closed,currency 1,-2730,0,-2364.0,-1925.0,0.0,0,128250.0,0.0,0.0,0.0,Consumer credit,-1924,
416951,5714796,Closed,currency 1,-751,0,-263.0,-263.0,,0,141367.5,0.0,0.0,0.0,Consumer credit,-250,
416951,5714798,Closed,currency 1,-1623,0,-1439.0,-1439.0,0.0,0,54540.0,0.0,0.0,0.0,Consumer credit,-1439,
416951,5714799,Active,currency 1,-1096,0,0.0,,12325.005,0,468000.0,21144.285,0.0,0.0,Consumer credit,-30,
225481,5714800,Closed,currency 1,-2639,0,-2242.0,-2302.0,8034.12,0,43582.5,0.0,0.0,0.0,Consumer credit,-2302,
225481,5714801,Closed,currency 1,-1138,0,-770.0,-836.0,,0,74844.0,0.0,0.0,0.0,Consumer credit,-835,
148089,5714802,Closed,currency 1,-2502,0,-1740.0,-1769.0,0.0,0,99837.72,0.0,0.0,0.0,Consumer credit,-1769,
148089,5714803,Closed,currency 1,-2311,0,-1215.0,-1825.0,0.0,0,112500.0,0.0,0.0,0.0,Credit card,-1825,
148089,5714804,Active,currency 1,-1475,0,-1110.0,,,0,52650.0,5427.0,0.0,0.0,Consumer credit,-1118,
148089,5714805,Closed,currency 1,-791,0,-426.0,-426.0,0.0,0,59085.0,0.0,0.0,0.0,Consumer credit,-423,
390784,5714807,Active,currency 1,-1537,0,-57.0,,,0,0.0,0.0,,0.0,Credit card,-608,
390784,5714808,Closed,currency 1,-514,0,-56.0,-26.0,,0,454959.0,0.0,,0.0,Consumer credit,-15,
390784,5714809,Active,currency 1,-636,0,,,0.0,0,45000.0,31072.5,0.0,0.0,Credit card,-21,
346919,5714810,Closed,currency 1,-2499,0,-2163.0,-2192.0,0.0,0,126716.4,0.0,0.0,0.0,Consumer credit,-2192,
346919,5714811,Closed,currency 1,-2308,0,-1184.0,-1733.0,0.0,0,45000.0,0.0,0.0,0.0,Credit card,-1733,
346919,5714812,Closed,currency 1,-2287,0,-1738.0,-2000.0,,0,135000.0,0.0,0.0,0.0,Consumer credit,-538,
346919,5714814,Active,currency 1,-194,0,1069.0,,,0,45000.0,0.0,0.0,0.0,Credit card,-18,
346919,5714815,Closed,currency 1,-318,0,47.0,-109.0,,0,81000.0,0.0,0.0,0.0,Consumer credit,-90,
346919,5714817,Closed,currency 1,-1296,0,-1204.0,-1204.0,,0,18652.5,0.0,0.0,0.0,Consumer credit,-687,
346919,5714818,Closed,currency 1,-1043,0,-130.0,-312.0,,0,270000.0,0.0,0.0,0.0,Consumer credit,-288,
346919,5714819,Closed,currency 1,-1086,0,-812.0,-965.0,,0,44365.5,0.0,0.0,0.0,Consumer credit,-964,
346919,5714820,Closed,currency 1,-1977,0,-1247.0,-1635.0,,0,157500.0,0.0,0.0,0.0,Consumer credit,-538,
346919,5714821,Closed,currency 1,-1602,0,224.0,-1106.0,,0,135000.0,0.0,0.0,0.0,Consumer credit,-17,
346919,5714823,Active,currency 1,-699,0,,,0.0,0,78230.34,0.0,78230.34,0.0,Credit card,-29,
346919,5714824,Closed,currency 1,-310,0,-98.0,-98.0,0.0,0,160542.81,0.0,0.0,0.0,Consumer credit,-92,
233234,5714825,Active,currency 1,-929,0,-16.0,,,0,225000.0,0.0,0.0,0.0,Consumer credit,-15,
233234,5714826,Closed,currency 1,-1435,0,-340.0,-340.0,,0,225000.0,0.0,0.0,0.0,Consumer credit,-337,
233234,5714827,Active,currency 1,-35,0,1426.0,,,0,900000.0,,,0.0,Consumer credit,-30,
233234,5714828,Closed,currency 1,-360,0,370.0,-32.0,,0,229500.0,,,0.0,Consumer credit,-30,
181326,5714829,Closed,currency 1,-360,0,-300.0,-271.0,,0,147852.0,,,0.0,Consumer credit,-265,
181326,5714830,Closed,currency 1,-1369,0,457.0,-221.0,,0,1197481.5,0.0,,0.0,Car loan,-221,
297876,5714833,Closed,currency 1,-2738,0,-2038.0,-2029.0,140631.84,0,239355.0,0.0,0.0,0.0,Consumer credit,-2029,
297876,5714836,Active,currency 1,-441,0,1386.0,,,0,1115271.0,0.0,,0.0,Consumer credit,-21,
297876,5714837,Closed,currency 1,-1231,0,596.0,-440.0,0.0,0,900000.0,0.0,0.0,0.0,Consumer credit,-395,
297876,5714838,Active,currency 1,-598,0,,,15459.345,0,46089.0,44383.5,1705.095,0.0,Credit card,-22,
297876,5714839,Active,currency 1,-124,0,1702.0,,486.0,0,1350000.0,1324440.0,0.0,0.0,Consumer credit,-27,
278778,5714840,Active,currency 1,-180,0,918.0,,,0,2642787.0,2352469.5,,0.0,Car loan,-12,
198319,5714841,Active,currency 1,-126,0,1335.0,,,0,2466000.0,3479481.0,0.0,0.0,Consumer credit,-27,
198319,5714842,Active,currency 1,-1378,0,448.0,,17848.575,0,1350000.0,494782.65,0.0,0.0,Consumer credit,-36,
333498,5714844,Closed,currency 1,-2805,0,-241.0,-1224.0,0.0,0,180000.0,-455.805,180455.805,0.0,Credit card,-1224,
333498,5714845,Closed,currency 1,-2711,0,-2314.0,-2253.0,0.0,0,41979.78,0.0,0.0,0.0,Consumer credit,-2253,
333498,5714846,Active,currency 1,-1314,0,-757.0,,0.0,0,4500.0,0.0,4500.0,0.0,Credit card,-674,
333498,5714847,Active,currency 1,-1290,0,-210.0,,0.0,0,135000.0,-45.0,135045.0,0.0,Credit card,-674,
333498,5714848,Closed,currency 1,-2688,0,-1957.0,-2414.0,,0,67500.0,0.0,0.0,0.0,Consumer credit,-991,
333498,5714849,Closed,currency 1,-816,0,-755.0,-755.0,,0,32305.5,0.0,0.0,0.0,Consumer credit,-737,
333498,5714850,Closed,currency 1,-914,0,308.0,-293.0,,0,0.0,0.0,0.0,0.0,Credit card,-199,
333498,5714853,Closed,currency 1,-2321,0,-2138.0,-2168.0,0.0,0,105763.5,0.0,0.0,0.0,Consumer credit,-2168,
333498,5714854,Closed,currency 1,-1529,0,-1435.0,-1468.0,0.0,0,92025.0,0.0,0.0,0.0,Consumer credit,-1467,
333498,5714855,Closed,currency 1,-1037,0,-671.0,-671.0,0.0,0,122576.22,0.0,0.0,0.0,Consumer credit,-666,
152965,5714856,Closed,currency 1,-2738,0,-2342.0,-2357.0,4215.33,0,43403.4,0.0,0.0,0.0,Consumer credit,-2343,
152965,5714857,Active,currency 1,-930,0,916.0,,7041.555,0,135000.0,110156.895,24843.105,0.0,Credit card,-531,
152965,5714859,Closed,currency 1,-400,0,-344.0,-148.0,,0,72000.0,0.0,0.0,0.0,Credit card,-145,
152965,5714860,Active,currency 1,-249,0,1577.0,,,0,1953000.0,1828957.5,0.0,0.0,Consumer credit,-31,
152965,5714861,Closed,currency 1,-2163,0,-1838.0,-987.0,,0,46575.0,,,0.0,Consumer credit,-984,
346232,5714862,Closed,currency 1,-2841,0,-2629.0,-2657.0,0.0,0,21167.46,0.0,0.0,0.0,Consumer credit,-2657,
346232,5714863,Active,currency 1,-2714,0,-1610.0,,0.0,0,225000.0,0.0,0.0,0.0,Credit card,-674,
346232,5714864,Closed,currency 1,-2671,0,-2456.0,-2463.0,7945.2,0,43673.67,0.0,0.0,0.0,Consumer credit,-2455,
348530,5714868,Closed,currency 1,-1864,0,-1498.0,-1498.0,,0,38313.0,0.0,,0.0,Consumer credit,-799,
348530,5714869,Closed,currency 1,-347,0,18.0,-269.0,,0,99000.0,0.0,,0.0,Consumer credit,-269,
348530,5714870,Active,currency 1,-317,0,,,,0,90000.0,,,0.0,Credit card,-121,
348530,5714871,Active,currency 1,-147,0,218.0,,,0,72000.0,47799.0,,0.0,Consumer credit,-27,
348530,5714872,Active,currency 1,-317,0,779.0,,,0,338832.0,,,0.0,Consumer credit,-9,
348530,5714873,Closed,currency 1,-2145,0,-1845.0,-1845.0,4.5,0,38758.5,,,0.0,Consumer credit,-1845,
348530,5714875,Closed,currency 1,-1530,0,-799.0,-817.0,0.0,0,162900.0,,,0.0,Consumer credit,-813,
348530,5714876,Closed,currency 1,-1117,0,-781.0,-781.0,0.0,0,116415.0,0.0,0.0,0.0,Consumer credit,-778,
271160,5714880,Closed,currency 1,-1736,0,-1616.0,-1644.0,0.0,0,31104.0,0.0,0.0,0.0,Consumer credit,-1644,
271160,5714881,Active,currency 1,-1736,0,90.0,,0.0,0,0.0,0.0,0.0,0.0,Credit card,-696,
271160,5714882,Closed,currency 1,-1582,0,-1368.0,-1398.0,0.0,0,36810.0,0.0,0.0,0.0,Consumer credit,-1302,
271160,5714885,Closed,currency 1,-2231,0,-1488.0,-992.0,,0,101250.0,,,0.0,Credit card,-991,
271160,5714886,Closed,currency 1,-2317,0,-1105.0,-1105.0,0.0,0,18000.0,0.0,0.0,0.0,Credit card,-1076,
271160,5714887,Closed,currency 1,-2246,0,-1946.0,-1946.0,16128.585,0,720495.0,0.0,0.0,0.0,Car loan,-1942,
271160,5714888,Closed,currency 1,-1231,0,-861.0,-861.0,0.0,0,141102.0,,,0.0,Consumer credit,-859,
271160,5714889,Active,currency 1,-36,0,145.0,,0.0,0,62550.0,62550.0,0.0,0.0,Consumer credit,-26,
182982,5714890,Closed,currency 1,-2627,0,-2108.0,-2137.0,3960.0,0,50135.58,0.0,0.0,0.0,Consumer credit,-2137,
182982,5714891,Active,currency 1,-2314,0,-1215.0,,10125.0,0,67500.0,-400.86,67900.86,0.0,Credit card,-671,
182982,5714892,Closed,currency 1,-1431,0,-884.0,-883.0,,0,169987.5,70416.0,,0.0,Consumer credit,-627,
259670,5714893,Closed,currency 1,-1068,0,-900.0,-900.0,,0,48897.0,0.0,,0.0,Consumer credit,-900,
259670,5714894,Closed,currency 1,-712,0,-563.0,-545.0,,0,48496.5,,,0.0,Consumer credit,-537,
259670,5714896,Active,currency 1,-532,0,1295.0,,,0,675000.0,,,0.0,Consumer credit,-13,
259670,5714897,Active,currency 1,-523,0,10434.0,,25578.0,0,596250.0,,,0.0,Credit card,-28,
354574,5714902,Closed,currency 1,-2290,0,-2075.0,-2165.0,0.0,0,15341.85,0.0,0.0,0.0,Consumer credit,-2165,
354574,5714903,Closed,currency 1,-2428,0,-2336.0,-2336.0,0.0,0,17779.5,0.0,0.0,0.0,Consumer credit,-2336,
354574,5714904,Closed,currency 1,-899,0,-534.0,-564.0,9022.59,0,114444.0,0.0,0.0,0.0,Consumer credit,-564,
354574,5714905,Closed,currency 1,-553,0,-188.0,-284.0,0.0,0,99000.0,0.0,0.0,0.0,Consumer credit,-281,
450549,5714907,Active,currency 1,-1145,0,12850.0,,,0,1080000.0,1011586.5,,0.0,Credit card,-6,
450549,5714908,Closed,currency 1,-2250,0,3287.0,-406.0,0.0,0,7794000.0,,,0.0,Mortgage,-406,
450549,5714909,Closed,currency 1,-2238,0,-2026.0,-2026.0,0.0,0,132390.0,0.0,0.0,0.0,Consumer credit,-1508,
450549,5714910,Closed,currency 1,-1658,0,-1351.0,-1351.0,0.0,0,143316.0,0.0,0.0,0.0,Consumer credit,-1351,
450549,5714911,Active,currency 1,-1133,0,,,10649.52,0,1080000.0,982822.5,97176.375,0.0,Credit card,-6,
251360,5714913,Closed,currency 1,-1531,0,-798.0,-798.0,0.0,0,34726.545,0.0,0.0,0.0,Consumer credit,-701,
251360,5714914,Closed,currency 1,-1300,0,2353.0,-139.0,0.0,0,495000.0,0.0,0.0,0.0,Credit card,-106,
251360,5714915,Closed,currency 1,-814,0,-84.0,-646.0,0.0,0,247500.0,0.0,0.0,0.0,Consumer credit,-645,
251360,5714916,Active,currency 1,-140,0,,,0.0,0,495000.0,466434.81,28565.19,0.0,Credit card,-29,
262765,5714917,Closed,currency 1,-2395,0,-2181.0,-2210.0,0.0,0,17361.99,0.0,0.0,0.0,Consumer credit,-2210,
262765,5714919,Active,currency 1,-1441,0,-361.0,,0.0,0,54000.0,0.0,67500.0,0.0,Credit card,-511,
262765,5714921,Closed,currency 1,-1441,0,-1107.0,-1134.0,8221.68,0,76544.55,0.0,0.0,0.0,Consumer credit,-1106,
452711,5714925,Closed,currency 1,-2641,0,-2306.0,-2517.0,0.0,0,110948.4,0.0,0.0,0.0,Consumer credit,-2517,
452711,5714926,Closed,currency 1,-2272,0,-2060.0,-2148.0,0.0,0,73777.5,0.0,0.0,0.0,Consumer credit,-2148,
452711,5714928,Active,currency 1,-744,0,796.0,,0.0,0,0.0,0.0,0.0,0.0,Credit card,-684,
452711,5714929,Closed,currency 1,-2400,0,-574.0,-683.0,,0,807300.0,0.0,0.0,0.0,Consumer credit,-125,
452711,5714930,Active,currency 1,-1288,0,-180.0,,,0,324000.0,329332.5,0.0,0.0,Credit card,-19,
374159,5714931,Closed,currency 1,-1482,0,-746.0,-746.0,,0,479250.0,0.0,0.0,0.0,Consumer credit,-737,
456062,5714932,Closed,currency 1,-1036,0,-670.0,-770.0,,0,216913.5,0.0,0.0,0.0,Consumer credit,-768,
299495,5714936,Closed,currency 1,-1638,0,855.0,-587.0,0.0,0,135000.0,473925.33,25574.67,0.0,Credit card,-587,
299495,5714937,Closed,currency 1,-681,0,780.0,-315.0,0.0,0,828201.6,0.0,0.0,0.0,Consumer credit,-283,
299495,5714939,Active,currency 1,-707,0,10178.0,,0.0,0,654750.0,,,0.0,Credit card,-707,
299495,5714940,Active,currency 1,-334,0,763.0,,0.0,0,900000.0,,,0.0,Consumer credit,-28,
282297,5714943,Active,currency 1,-2712,2603,-2498.0,,4590.0,0,24696.0,231.525,0.0,231.525,Consumer credit,-1077,
282297,5714944,Closed,currency 1,-789,0,-424.0,-516.0,,0,139860.0,0.0,0.0,0.0,Consumer credit,-513,
282297,5714945,Closed,currency 1,-907,0,-542.0,-532.0,,0,450000.0,0.0,0.0,0.0,Consumer credit,-513,
282297,5714947,Active,currency 1,-419,0,886.0,,,0,112500.0,78016.5,0.0,0.0,Credit card,-67,
282297,5714948,Active,currency 1,-158,0,573.0,,,0,466200.0,435573.0,0.0,0.0,Consumer credit,-67,
282297,5714952,Active,currency 1,-2614,0,-1899.0,,0.0,0,225000.0,0.0,59083.785,0.0,Credit card,-2187,
282297,5714953,Active,currency 1,-1797,0,-1053.0,,0.0,0,225000.0,115592.4,0.0,0.0,Credit card,-1424,
282297,5714954,Closed,currency 1,-49,0,316.0,-39.0,0.0,0,650335.5,,,0.0,Car loan,-39,
331446,5714955,Closed,currency 1,-855,0,-672.0,-672.0,0.0,0,21600.0,0.0,0.0,0.0,Consumer credit,-666,
331446,5714956,Active,currency 1,-607,0,,,4041.54,0,92250.0,20304.0,71944.965,0.0,Credit card,-22,
331446,5714957,Closed,currency 1,-497,0,-132.0,-131.0,0.0,0,225000.0,0.0,0.0,0.0,Consumer credit,-127,
331446,5714958,Active,currency 1,-405,0,,,4437.0,0,115384.5,60138.0,55243.26,0.0,Credit card,-22,
331446,5714960,Active,currency 1,-229,0,504.0,,0.0,0,243000.0,183681.0,0.0,0.0,Consumer credit,-14,
159650,5714961,Active,currency 1,-144,0,155.0,,,0,270000.0,0.0,0.0,0.0,Credit card,-25,
159650,5714962,Closed,currency 1,-781,0,-51.0,-55.0,,0,234000.0,0.0,0.0,0.0,Consumer credit,-25,
273814,5714963,Active,currency 1,-392,0,152.0,,0.0,0,181013.085,158924.25,0.0,0.0,Consumer credit,-235,
273814,5714965,Closed,currency 1,-751,0,-567.0,-567.0,,0,44950.5,0.0,0.0,0.0,Consumer credit,-566,
273814,5714967,Closed,currency 1,-508,0,-326.0,-300.0,,0,51840.0,,,0.0,Consumer credit,-286,
273814,5714968,Closed,currency 1,-186,0,,-118.0,,0,1935000.0,,,0.0,Mortgage,-111,
273814,5714969,Active,currency 1,-1075,0,4387.0,,,0,5355000.0,,,0.0,Mortgage,-42,
192645,5714971,Active,currency 1,-166,0,923.0,,,0,67500.0,0.0,,0.0,Credit card,-49,
132745,5714972,Closed,currency 1,-2789,0,-2575.0,-2603.0,6233.895,0,34266.78,0.0,0.0,0.0,Consumer credit,-2603,
132745,5714973,Active,currency 1,-2689,0,-1580.0,,0.0,0,225000.0,0.0,0.0,0.0,Credit card,-680,
132745,5714974,Closed,currency 1,-224,0,141.0,-193.0,,0,113040.0,0.0,0.0,0.0,Consumer credit,-190,
132745,5714975,Active,currency 1,-1239,0,2416.0,,,0,324000.0,306756.0,0.0,0.0,Credit card,-5,
381884,5714977,Closed,currency 1,-2753,0,-2600.0,-2154.0,19216.395,0,31680.0,0.0,0.0,0.0,Consumer credit,-2154,
228839,5714979,Closed,currency 1,-570,0,-385.0,-385.0,0.0,0,71959.5,0.0,0.0,0.0,Consumer credit,-385,
221368,5714982,Closed,currency 1,-249,0,116.0,-189.0,0.0,0,111825.0,0.0,0.0,0.0,Consumer credit,-189,
221368,5714983,Active,currency 1,-64,0,27460.0,,0.0,0,22500.0,0.0,22500.0,0.0,Credit card,-17,
256578,5714984,Closed,currency 1,-2377,0,-2163.0,-2192.0,0.0,0,28562.67,0.0,0.0,0.0,Consumer credit,-2192,
256578,5714985,Closed,currency 1,-1981,0,-879.0,-1637.0,0.0,0,22500.0,0.0,0.0,0.0,Credit card,-1637,
256578,5714986,Active,currency 1,-489,0,-367.0,,0.0,0,18247.68,0.0,0.0,0.0,Consumer credit,-486,
256578,5714987,Closed,currency 1,-1635,0,-539.0,-690.0,,0,450000.0,0.0,0.0,0.0,Consumer credit,-429,
256578,5714989,Active,currency 1,-111,0,1715.0,,,0,166500.0,163197.0,0.0,0.0,Consumer credit,-8,
256578,5714990,Active,currency 1,-1354,0,796.0,,,0,270000.0,200916.0,0.0,0.0,Credit card,-10,
414912,5714992,Closed,currency 1,-2910,0,-1792.0,-476.0,0.0,0,180000.0,0.0,0.0,0.0,Credit card,-476,
414912,5714993,Closed,currency 1,-1165,0,-952.0,-1010.0,0.0,0,24057.54,0.0,0.0,0.0,Consumer credit,-1010,
414912,5714995,Closed,currency 1,-2644,0,-2338.0,-2310.0,,0,41490.0,0.0,0.0,0.0,Consumer credit,-852,
414912,5714996,Closed,currency 1,-515,0,-423.0,-423.0,,0,31000.5,0.0,0.0,0.0,Consumer credit,-361,
414912,5714997,Active,currency 1,-752,0,,,,0,45000.0,0.0,0.0,0.0,Credit card,-745,
414912,5714998,Closed,currency 1,-757,0,-392.0,-483.0,,0,135850.5,0.0,0.0,0.0,Consumer credit,-469,
414912,5714999,Active,currency 1,-97,0,5390.0,,,0,3996000.0,3983431.5,0.0,0.0,Mortgage,-8,
414912,5715000,Closed,currency 1,-2527,0,-2174.0,-2174.0,,0,54000.0,0.0,,0.0,Credit card,-792,
414912,5715001,Closed,currency 1,-2643,0,-2338.0,-2336.0,,0,41494.5,0.0,,0.0,Consumer credit,-792,
414912,5715003,Closed,currency 1,-1036,0,,-510.0,,0,157500.0,0.0,,0.0,Consumer credit,-510,
414912,5715004,Closed,currency 1,-476,0,-172.0,-353.0,,0,99238.5,0.0,,0.0,Consumer credit,-344,
414912,5715005,Closed,currency 1,-848,0,-633.0,-633.0,0.0,0,82291.5,0.0,0.0,0.0,Consumer credit,-631,
414912,5715006,Closed,currency 1,-784,0,-675.0,-675.0,0.0,0,30620.79,0.0,0.0,0.0,Consumer credit,-673,
414912,5715007,Closed,currency 1,-575,0,-453.0,-453.0,0.0,0,37828.71,0.0,0.0,0.0,Consumer credit,-449,
414912,5715008,Closed,currency 1,-483,0,-391.0,-391.0,0.0,0,71932.59,0.0,0.0,0.0,Consumer credit,-386,
414912,5715009,Closed,currency 1,-246,0,-4.0,-96.0,0.0,0,97155.0,0.0,0.0,0.0,Consumer credit,-95,
391685,5715011,Active,currency 1,-423,0,1008.0,,,0,454500.0,0.0,0.0,0.0,Credit card,-87,
391685,5715013,Active,currency 1,-446,0,6859.0,,,0,5850000.0,5685700.5,0.0,0.0,Mortgage,-28,
391685,5715014,Closed,currency 1,-1902,0,-861.0,-861.0,,0,164632.5,0.0,,0.0,Consumer credit,-861,
317276,5715015,Active,currency 1,-681,0,-195.0,,0.0,0,113405.355,0.0,0.0,0.0,Consumer credit,-676,
317276,5715016,Closed,currency 1,-1050,0,777.0,-445.0,,0,427500.0,0.0,0.0,0.0,Consumer credit,-422,
317276,5715017,Active,currency 1,-417,0,678.0,,0.0,0,1980000.0,1206418.5,0.0,0.0,Car loan,-9,
115001,5715021,Closed,currency 1,-2784,0,-2387.0,-2416.0,0.0,0,248540.4,0.0,0.0,0.0,Car loan,-2416,
115001,5715022,Closed,currency 1,-704,0,-339.0,-339.0,,0,112500.0,0.0,0.0,0.0,Consumer credit,-307,
115001,5715023,Closed,currency 1,-738,0,-374.0,-373.0,,0,225000.0,0.0,0.0,0.0,Consumer credit,-343,
115001,5715024,Active,currency 1,-174,0,922.0,,,0,585000.0,521973.0,0.0,0.0,Consumer credit,-8,
115001,5715025,Closed,currency 1,-1323,0,-1265.0,-987.0,,0,95107.5,,,0.0,Consumer credit,-984,
115001,5715026,Active,currency 1,-454,0,3198.0,,,0,135000.0,,,0.0,Credit card,-454,
115001,5715028,Closed,currency 1,-265,0,100.0,-174.0,,0,67500.0,0.0,,0.0,Consumer credit,-168,
115001,5715029,Closed,currency 1,-339,0,-311.0,-311.0,0.0,0,225000.0,0.0,0.0,0.0,Consumer credit,-311,
233056,5715031,Closed,currency 1,-2910,0,-1792.0,-1825.0,0.0,0,180000.0,0.0,0.0,0.0,Credit card,-1825,
233056,5715032,Closed,currency 1,-2854,0,-2520.0,-2544.0,6840.0,0,61483.5,0.0,0.0,0.0,Consumer credit,-2352,
233056,5715033,Closed,currency 1,-2724,0,-2327.0,-2356.0,6249.375,0,64243.08,0.0,0.0,0.0,Consumer credit,-2352,
233056,5715034,Closed,currency 1,-2349,0,-2135.0,-2162.0,4354.695,0,22795.11,0.0,0.0,0.0,Consumer credit,-2134,
233056,5715035,Closed,currency 1,-2173,0,-1961.0,-1990.0,5446.71,0,22105.44,0.0,0.0,0.0,Consumer credit,-1990,
233056,5715036,Closed,currency 1,-1005,0,-580.0,-606.0,8820.0,0,94409.145,0.0,0.0,0.0,Consumer credit,-606,
233056,5715038,Active,currency 1,-482,0,1220.0,,0.0,0,0.0,0.0,0.0,0.0,Credit card,-481,
233056,5715039,Closed,currency 1,-2873,0,-1047.0,-1031.0,,0,450000.0,0.0,0.0,0.0,Consumer credit,-17,
233056,5715042,Closed,currency 1,-1381,0,-1200.0,-1197.0,0.0,0,22053.24,0.0,0.0,0.0,Consumer credit,-1197,
233056,5715044,Active,currency 1,-33,0,148.0,,0.0,0,28426.5,28426.5,0.0,0.0,Consumer credit,-32,
346739,5715045,Closed,currency 1,-936,0,-404.0,-380.0,,0,459000.0,0.0,0.0,0.0,Credit card,-227,
346739,5715046,Closed,currency 1,-2070,0,-975.0,-1007.0,,0,157500.0,0.0,0.0,0.0,Consumer credit,-80,
346739,5715047,Active,currency 1,-404,0,3248.0,,,0,540000.0,405495.0,0.0,0.0,Credit card,-5,
346739,5715048,Closed,currency 1,-546,0,-374.0,-374.0,0.0,0,91372.5,,,0.0,Consumer credit,-374,
221642,5715049,Closed,currency 1,-900,0,,-213.0,,0,225000.0,,,0.0,Consumer credit,-213,
221642,5715050,Active,currency 1,-217,0,1610.0,,0.0,0,270000.0,,,0.0,Consumer credit,-12,
205426,5715051,Closed,currency 1,-2643,0,-2093.0,-2538.0,,0,67500.0,0.0,0.0,0.0,Consumer credit,-1261,
205426,5715054,Closed,currency 1,-1166,0,-435.0,-432.0,,0,180000.0,0.0,0.0,0.0,Consumer credit,-77,
205426,5715055,Closed,currency 1,-1680,0,-1131.0,-1161.0,,0,90000.0,0.0,0.0,0.0,Consumer credit,-77,
205426,5715056,Closed,currency 1,-2266,0,-1717.0,-1700.0,,0,90000.0,0.0,0.0,0.0,Consumer credit,-77,
205426,5715057,Closed,currency 1,-1883,0,-787.0,-1161.0,,0,90000.0,0.0,0.0,0.0,Consumer credit,-77,
205426,5715058,Active,currency 1,-185,0,911.0,,,0,225000.0,205425.0,0.0,0.0,Consumer credit,-31,
205426,5715059,Closed,currency 1,-2653,0,-2348.0,-2345.0,0.0,0,32755.5,,,0.0,Consumer credit,-2340,
205426,5715060,Closed,currency 1,-2282,0,-2098.0,-2098.0,175.5,0,22977.0,,,0.0,Consumer credit,-2095,
205426,5715062,Active,currency 1,-289,0,71.0,,0.0,0,51066.0,19557.0,0.0,0.0,Consumer credit,-22,
432545,5715063,Closed,currency 1,-2433,0,-2128.0,-2126.0,,0,141705.0,0.0,0.0,0.0,Consumer credit,-852,
432545,5715064,Closed,currency 1,-2371,0,31111.0,-2128.0,,0,270000.0,0.0,0.0,0.0,Credit card,-555,
432545,5715065,Closed,currency 1,-1921,0,-1556.0,-1853.0,,0,315000.0,0.0,0.0,0.0,Consumer credit,-824,
432545,5715066,Closed,currency 1,-2250,0,-1885.0,-1930.0,,0,157500.0,0.0,0.0,0.0,Consumer credit,-824,
432545,5715067,Closed,currency 1,-509,0,-264.0,-413.0,,0,94050.0,0.0,0.0,0.0,Consumer credit,-411,
432545,5715068,Active,currency 1,-80,0,1746.0,,,0,1287000.0,1253182.5,0.0,0.0,Consumer credit,-15,
432545,5715069,Closed,currency 1,-2432,0,-2128.0,-2155.0,,0,141705.0,0.0,,0.0,Consumer credit,-1786,
118247,5715070,Closed,currency 1,-1799,0,-1522.0,-1522.0,,0,53100.0,0.0,,0.0,Credit card,-792,
118247,5715072,Closed,currency 1,-2022,0,-1838.0,-1786.0,8850.375,0,53192.115,0.0,0.0,0.0,Consumer credit,-638,
118247,5715073,Closed,currency 1,-1463,0,-1138.0,-1138.0,157.5,0,134496.0,,,0.0,Consumer credit,-1132,
118247,5715074,Closed,currency 1,-1071,0,-182.0,-182.0,0.0,2,135000.0,,,0.0,Credit card,-180,
118247,5715075,Closed,currency 1,-966,0,-780.0,-780.0,0.0,0,27427.5,,,0.0,Consumer credit,-775,
118247,5715076,Active,currency 1,-642,0,,,0.0,0,90000.0,0.0,90000.0,0.0,Credit card,-22,
118247,5715077,Active,currency 1,-484,0,,,0.0,0,55586.16,0.0,55586.16,0.0,Credit card,-22,
166350,5715078,Closed,currency 1,-2293,0,-2107.0,-2019.0,,0,19098.0,0.0,0.0,0.0,Consumer credit,-2016,
166350,5715079,Active,currency 1,-741,0,582.0,,,0,225000.0,203602.5,0.0,0.0,Credit card,-30,
166350,5715080,Closed,currency 1,-854,0,-538.0,-538.0,,0,119565.0,0.0,,0.0,Consumer credit,-530,
166350,5715081,Closed,currency 1,-676,0,-528.0,-528.0,0.0,0,37260.0,,,0.0,Consumer credit,-523,
388014,5715083,Active,currency 1,-1089,0,-392.0,,0.0,0,0.0,0.0,0.0,0.0,Credit card,-694,
388014,5715084,Closed,currency 1,-356,0,-165.0,-184.0,,0,0.0,0.0,0.0,0.0,Credit card,-183,
388014,5715085,Closed,currency 1,-724,0,-420.0,-511.0,,0,86310.0,0.0,,0.0,Consumer credit,-498,
388014,5715086,Closed,currency 1,-387,0,-112.0,-236.0,,0,40315.5,0.0,,0.0,Consumer credit,-225,
388014,5715087,Active,currency 1,-726,0,,,0.0,0,292500.0,171040.5,121455.36,0.0,Credit card,-22,
388014,5715088,Closed,currency 1,-434,0,,-146.0,0.0,0,67500.0,0.0,0.0,0.0,Credit card,-141,
388014,5715089,Active,currency 1,-183,0,182.0,,0.0,0,143123.625,86161.5,0.0,0.0,Consumer credit,-22,
388014,5715090,Closed,currency 1,-71,0,113.0,-10.0,0.0,0,57060.0,0.0,0.0,0.0,Consumer credit,-7,
189122,5715093,Closed,currency 1,-2688,0,-2261.0,-2261.0,,0,148500.0,0.0,0.0,0.0,Consumer credit,-2260,
189122,5715094,Closed,currency 1,-2826,0,-2645.0,-2645.0,,0,45000.0,0.0,0.0,0.0,Consumer credit,-2645,
189122,5715096,Active,currency 1,-325,0,1039.0,,,0,90000.0,0.0,0.0,0.0,Credit card,-59,
189122,5715097,Closed,currency 1,-1711,0,-1347.0,-1414.0,,0,67500.0,0.0,0.0,0.0,Consumer credit,-1064,
189122,5715098,Closed,currency 1,-2397,0,-1667.0,-1650.0,,0,157500.0,0.0,0.0,0.0,Credit card,-1637,
189122,5715099,Closed,currency 1,-1351,0,-619.0,-587.0,,0,135000.0,0.0,,0.0,Credit card,-587,
166358,5715100,Closed,currency 1,-1874,0,-1692.0,-1692.0,0.0,0,29306.43,0.0,0.0,0.0,Consumer credit,-1671,
166358,5715101,Closed,currency 1,-1768,0,,-1364.0,0.0,0,58500.0,0.0,58500.0,0.0,Credit card,-1364,
166358,5715103,Closed,currency 1,-1377,0,-1217.0,-1309.0,0.0,0,77197.5,0.0,0.0,0.0,Consumer credit,-1309,
166358,5715104,Closed,currency 1,-1042,0,-767.0,-767.0,0.0,0,151402.5,0.0,0.0,0.0,Consumer credit,-767,
166358,5715105,Active,currency 1,-784,0,-419.0,,15413.625,0,184815.0,0.0,0.0,0.0,Consumer credit,-104,
166358,5715106,Closed,currency 1,-598,0,-234.0,-217.0,6282.0,0,71239.5,0.0,0.0,0.0,Consumer credit,-217,
166358,5715107,Active,currency 1,-439,0,674.0,,0.0,0,162000.0,0.0,90157.5,0.0,Credit card,-41,
166358,5715108,Active,currency 1,-124,0,226.0,,0.0,0,450000.0,341626.5,0.0,0.0,Consumer credit,-47,
157200,5715109,Active,currency 1,-601,0,490.0,,,0,477000.0,108477.0,0.0,0.0,Credit card,-4,
157200,5715110,Closed,currency 1,-313,0,-298.0,-298.0,,0,112500.0,0.0,,0.0,Microloan,-37,
157200,5715112,Active,currency 1,-511,0,947.0,,0.0,0,3532392.0,,,0.0,Car loan,-32,
157200,5715113,Active,currency 1,-447,0,,,0.0,0,90000.0,81702.0,8298.0,0.0,Credit card,-12,
157200,5715114,Active,currency 1,-170,0,10788.0,,0.0,0,225000.0,,,0.0,Credit card,-12,
142568,5715115,Active,currency 1,-50,0,,,,0,22500.0,0.0,0.0,0.0,Credit card,-45,
142568,5715116,Closed,currency 1,-1077,0,-797.0,-797.0,,0,18715.5,0.0,0.0,0.0,Consumer credit,-361,
142568,5715118,Closed,currency 1,-1610,0,-1306.0,-1306.0,10588.5,0,109048.5,0.0,0.0,0.0,Consumer credit,-1306,
356727,5715121,Closed,currency 1,-2135,0,-1953.0,-1932.0,,0,45616.5,0.0,0.0,0.0,Consumer credit,-1929,
356727,5715122,Closed,currency 1,-753,0,-438.0,-438.0,,0,675000.0,0.0,0.0,0.0,Consumer credit,-431,
356727,5715123,Closed,currency 1,-1350,0,-1260.0,-1245.0,,0,22230.0,0.0,0.0,0.0,Consumer credit,-783,
356727,5715124,Closed,currency 1,-2852,0,-2495.0,-2495.0,,0,99000.0,,,0.0,Consumer credit,-2064,
356727,5715126,Closed,currency 1,-1606,0,-875.0,-875.0,,0,270000.0,0.0,,0.0,Consumer credit,-512,
356727,5715128,Closed,currency 1,-2324,0,-2141.0,-2140.0,0.0,0,76729.5,,,0.0,Consumer credit,-2136,
356727,5715129,Closed,currency 1,-1280,0,,-391.0,0.0,0,144000.0,0.0,0.0,0.0,Credit card,-229,
356727,5715130,Active,currency 1,-49,0,,,0.0,0,144000.0,143213.625,786.375,0.0,Credit card,-36,
250551,5715131,Closed,currency 1,-955,0,-650.0,-650.0,,0,176625.0,0.0,0.0,0.0,Consumer credit,-640,
250551,5715132,Closed,currency 1,-1103,0,-738.0,-738.0,,0,213975.0,0.0,0.0,0.0,Consumer credit,-735,
250551,5715133,Closed,currency 1,-1164,0,-980.0,-980.0,,0,45450.0,0.0,0.0,0.0,Consumer credit,-979,
224915,5715135,Closed,currency 1,-1249,0,-882.0,-882.0,,0,143910.0,0.0,0.0,0.0,Consumer credit,-870,
224915,5715136,Active,currency 1,-244,0,31111.0,,,0,90000.0,10755.0,0.0,0.0,Credit card,-239,
224915,5715137,Active,currency 1,-244,0,,,0.0,0,0.0,73215.45,0.0,0.0,Credit card,-81,
323674,5715138,Closed,currency 1,-386,0,-88.0,-272.0,,0,0.0,0.0,0.0,0.0,Credit card,-207,
323674,5715139,Closed,currency 1,-2670,0,-2303.0,-2426.0,16126.875,0,206145.0,0.0,0.0,0.0,Consumer credit,-2420,
122858,5715140,Active,currency 1,-1190,0,,,,0,67500.0,0.0,,0.0,Credit card,-848,
122858,5715141,Closed,currency 1,-1244,0,-511.0,-511.0,6258.915,0,152690.4,0.0,0.0,0.0,Consumer credit,-505,
122858,5715142,Closed,currency 1,-895,0,,-353.0,8696.52,0,0.0,0.0,0.0,0.0,Credit card,-287,
122858,5715143,Closed,currency 1,-538,0,-291.0,-291.0,0.0,0,106084.125,0.0,0.0,0.0,Consumer credit,-288,
212939,5715144,Active,currency 1,-455,0,94.0,,,0,195885.0,52362.0,0.0,0.0,Consumer credit,-26,
212939,5715146,Active,currency 1,-627,0,674.0,,,0,157500.0,146542.5,0.0,0.0,Credit card,-87,
212939,5715147,Closed,currency 1,-643,0,-278.0,-308.0,0.0,0,40455.0,0.0,0.0,0.0,Consumer credit,-308,
307734,5715148,Closed,currency 1,-503,0,-289.0,-287.0,,0,74250.0,0.0,0.0,0.0,Consumer credit,-280,
307734,5715149,Closed,currency 1,-802,0,-618.0,-616.0,,0,40500.0,0.0,0.0,0.0,Consumer credit,-515,
307734,5715150,Closed,currency 1,-668,0,427.0,-392.0,,0,189720.0,0.0,0.0,0.0,Consumer credit,-381,
307734,5715151,Closed,currency 1,-1880,0,12850.0,-358.0,,0,270000.0,0.0,0.0,0.0,Credit card,-209,
307734,5715153,Active,currency 1,-872,0,954.0,,,0,176850.0,113166.0,0.0,0.0,Consumer credit,-12,
307734,5715154,Active,currency 1,-619,0,582.0,,,0,225000.0,175558.5,0.0,0.0,Credit card,-10,
307734,5715155,Active,currency 1,-412,0,1414.0,,,0,490500.0,425736.0,0.0,0.0,Consumer credit,-8,
307734,5715156,Closed,currency 1,-1929,0,-1558.0,-1558.0,,0,58500.0,0.0,,0.0,Consumer credit,-1558,
307734,5715158,Active,currency 1,-125,0,1707.0,,,0,51750.0,17523.0,,0.0,Credit card,-5,
307734,5715159,Closed,currency 1,-1896,0,12850.0,-358.0,0.0,0,49500.0,,,0.0,Credit card,-235,
307734,5715160,Closed,currency 1,-916,0,-186.0,-186.0,0.0,0,180000.0,0.0,0.0,0.0,Consumer credit,-186,
161678,5715161,Closed,currency 1,-2301,0,-1995.0,-1995.0,,0,65524.5,0.0,0.0,0.0,Consumer credit,-1994,
161678,5715162,Closed,currency 1,-1554,0,-1337.0,-1337.0,,0,23467.5,0.0,0.0,0.0,Consumer credit,-783,
161678,5715163,Closed,currency 1,-1553,0,-1337.0,-1337.0,,0,23467.5,0.0,,0.0,Consumer credit,-1128,
161678,5715164,Closed,currency 1,-1636,0,-1361.0,-987.0,,0,31392.0,,,0.0,Consumer credit,-984,
161678,5715165,Sold,currency 1,-1319,0,-1134.0,-75.0,133308.81,0,202500.0,0.0,0.0,0.0,Consumer credit,-71,
300388,5715166,Active,currency 1,-1414,0,412.0,,,0,504000.0,168174.0,0.0,0.0,Consumer credit,-31,
434409,5715169,Active,currency 1,-1358,0,2296.0,,,0,630000.0,630720.0,0.0,0.0,Credit card,-5,
281436,5715171,Active,currency 1,-388,0,947.0,,,0,180000.0,3465.0,0.0,0.0,Credit card,-24,
281436,5715172,Active,currency 1,-90,0,1736.0,,,0,531000.0,507780.0,0.0,0.0,Consumer credit,-56,
281436,5715173,Closed,currency 1,-405,0,-144.0,-144.0,,0,135000.0,0.0,,0.0,Credit card,-143,
371200,5715174,Active,currency 1,-348,0,3304.0,,,0,3915000.0,3753585.0,0.0,0.0,Mortgage,-21,
371200,5715175,Active,currency 1,-1046,0,-680.0,,,0,27261.0,,,0.0,Consumer credit,-822,
311907,5715176,Closed,currency 1,-250,0,480.0,-161.0,0.0,0,75771.0,0.0,0.0,0.0,Consumer credit,-159,
311907,5715177,Active,currency 1,-180,0,546.0,,4077.765,0,315000.0,258480.225,0.0,0.0,Consumer credit,-32,
309299,5715178,Closed,currency 1,-2393,0,-2179.0,-2238.0,8772.435,0,45790.965,0.0,0.0,0.0,Consumer credit,-2238,
309299,5715179,Active,currency 1,-743,0,1039.0,,0.0,0,0.0,0.0,0.0,0.0,Credit card,-683,
309299,5715180,Active,currency 1,-98,0,996.0,,,0,2929050.0,2797353.0,0.0,0.0,Car loan,-37,
309299,5715181,Closed,currency 1,-1208,0,619.0,-819.0,,0,1800000.0,0.0,,0.0,Consumer credit,-818,
323982,5715182,Closed,currency 1,-1474,0,-378.0,-377.0,,0,1430190.0,0.0,0.0,0.0,Consumer credit,-328,
323982,5715183,Active,currency 1,-1825,0,-726.0,,,0,270000.0,273955.5,0.0,0.0,Credit card,-24,
369526,5715185,Closed,currency 1,-2595,0,-768.0,-941.0,,0,450000.0,0.0,0.0,0.0,Consumer credit,-129,
369526,5715186,Active,currency 1,-1509,0,643.0,,,0,391500.0,290736.0,0.0,0.0,Credit card,-16,
283548,5715189,Closed,currency 1,-1158,0,-973.0,-971.0,,0,63666.0,0.0,0.0,0.0,Consumer credit,-752,
283548,5715190,Closed,currency 1,-1199,0,-894.0,-896.0,,0,18022.5,0.0,,0.0,Consumer credit,-894,
283548,5715192,Closed,currency 1,-856,0,-734.0,-826.0,0.0,0,54756.0,0.0,0.0,0.0,Consumer credit,-826,
283548,5715193,Closed,currency 1,-590,0,140.0,-41.0,0.0,0,84492.0,0.0,0.0,0.0,Consumer credit,-39,
443948,5715194,Active,currency 1,-273,0,823.0,,,0,569160.0,484929.0,0.0,0.0,Consumer credit,-56,
443948,5715195,Closed,currency 1,-2092,0,-1735.0,-987.0,,0,60840.0,,,0.0,Consumer credit,-984,
417740,5715196,Closed,currency 1,-2216,0,-1881.0,-1910.0,0.0,0,104309.1,0.0,0.0,0.0,Consumer credit,-1910,
417740,5715197,Active,currency 1,-1879,0,1161.0,,35155.71,0,135000.0,218248.785,191251.215,0.0,Credit card,-686,
417740,5715198,Closed,currency 1,-2711,0,,-873.0,4752.0,0,0.0,0.0,0.0,0.0,Credit card,-828,
388317,5715199,Closed,currency 1,-971,0,855.0,-850.0,,0,294300.0,0.0,0.0,0.0,Consumer credit,-646,
388317,5715200,Closed,currency 1,-2285,0,-1312.0,-1340.0,,0,1011082.5,0.0,0.0,0.0,Car loan,-1339,
388317,5715201,Closed,currency 1,-278,0,828.0,-209.0,,0,1162309.5,0.0,,0.0,Car loan,-197,
217477,5715203,Closed,currency 1,-836,0,-744.0,-635.0,,0,54000.0,0.0,,0.0,Consumer credit,-628,
217477,5715204,Closed,currency 1,-638,0,-518.0,-519.0,,0,36000.0,0.0,,0.0,Consumer credit,-517,
217477,5715205,Closed,currency 1,-656,0,-292.0,-268.0,,0,113310.0,,,0.0,Consumer credit,-258,
217477,5715206,Closed,currency 1,-756,0,-391.0,-565.0,1730.88,0,22500.0,0.0,0.0,0.0,Credit card,-352,
310813,5715207,Closed,currency 1,-1670,0,-1456.0,-1484.0,80.55,0,30559.68,0.0,0.0,0.0,Consumer credit,-1484,
416471,5715211,Closed,currency 1,-1357,0,-261.0,-593.0,,0,175500.0,0.0,0.0,0.0,Consumer credit,-567,
416471,5715212,Active,currency 1,-685,0,1141.0,,,0,108000.0,82417.5,0.0,0.0,Consumer credit,-38,
416471,5715214,Closed,currency 1,-1609,0,-1333.0,-1147.0,,0,64800.0,0.0,,0.0,Consumer credit,-1147,
416471,5715215,Closed,currency 1,-1146,0,-872.0,-906.0,,0,25812.0,0.0,,0.0,Consumer credit,-902,
416471,5715216,Active,currency 1,-607,0,123.0,,,0,360000.0,86670.0,,0.0,Consumer credit,-29,
271124,5715217,Active,currency 1,-97,0,237.0,,,0,67500.0,0.0,0.0,0.0,Credit card,-46,
271124,5715218,Active,currency 1,-97,0,543.0,,,0,139500.0,133924.5,0.0,0.0,Consumer credit,-46,
271124,5715219,Closed,currency 1,-566,0,-202.0,-173.0,,0,81099.0,,,0.0,Consumer credit,-167,
271124,5715220,Closed,currency 1,-280,0,-98.0,-75.0,,0,142515.0,,,0.0,Consumer credit,-69,
271124,5715221,Active,currency 1,-2156,0,-1406.0,,,0,45000.0,,,0.0,Credit card,-6,
205808,5715222,Closed,currency 1,-2650,0,-2253.0,-2282.0,0.0,0,15885.9,0.0,0.0,0.0,Consumer credit,-2273,
205808,5715223,Active,currency 1,-2524,0,-1406.0,,0.0,0,45000.0,0.0,0.0,0.0,Credit card,-668,
205808,5715226,Active,currency 1,-322,0,1029.0,,,0,67500.0,0.0,0.0,0.0,Credit card,-69,
205808,5715227,Closed,currency 1,-1115,0,-749.0,-906.0,,0,54697.5,0.0,0.0,0.0,Consumer credit,-906,
205808,5715228,Closed,currency 1,-1707,0,-1161.0,-1161.0,4091.985,0,73755.0,0.0,0.0,0.0,Consumer credit,-1161,
205808,5715229,Closed,currency 1,-1548,0,-1183.0,-1183.0,0.0,0,66889.71,0.0,0.0,0.0,Consumer credit,-1181,
205808,5715231,Active,currency 1,-256,0,49.0,,0.0,0,25830.0,5575.5,0.0,0.0,Consumer credit,-11,
400520,5715232,Closed,currency 1,-1076,0,-770.0,-770.0,,0,97191.0,0.0,0.0,0.0,Consumer credit,-716,
400520,5715233,Closed,currency 1,-1346,0,-1012.0,-1195.0,,0,337500.0,0.0,0.0,0.0,Consumer credit,-1091,
400520,5715234,Closed,currency 1,-1654,0,-1561.0,-1560.0,,0,14328.0,0.0,0.0,0.0,Consumer credit,-1532,
400520,5715235,Active,currency 1,-661,0,69.0,,,0,466200.0,114394.5,0.0,0.0,Consumer credit,-59,
400520,5715236,Closed,currency 1,-1187,0,-879.0,-879.0,0.0,0,195223.5,,,0.0,Consumer credit,-873,
295877,5715238,Closed,currency 1,-1039,0,-126.0,-126.0,,0,306981.0,0.0,0.0,0.0,Consumer credit,-11,
295877,5715239,Active,currency 1,-235,0,1591.0,,,0,715500.0,663934.5,0.0,0.0,Consumer credit,-11,
295877,5715240,Closed,currency 1,-1546,0,-1393.0,-1393.0,0.0,0,38511.72,0.0,0.0,0.0,Consumer credit,-757,
295877,5715241,Closed,currency 1,-760,0,-564.0,-564.0,0.0,0,141931.575,0.0,0.0,0.0,Consumer credit,-561,
295877,5715242,Closed,currency 1,-682,0,,-510.0,0.0,0,72000.0,0.0,0.0,0.0,Credit card,-505,
295877,5715243,Active,currency 1,-326,0,,,0.0,0,270000.0,0.0,270000.0,0.0,Credit card,-15,
295877,5715244,Active,currency 1,-48,0,501.0,,0.0,0,186750.0,178762.5,0.0,0.0,Consumer credit,-15,
314239,5715245,Active,currency 1,-33,0,1097.0,,,0,67500.0,2655.0,0.0,0.0,Credit card,-26,
314239,5715246,Closed,currency 1,-852,0,-669.0,-669.0,,0,26973.0,0.0,,0.0,Consumer credit,-666,
314239,5715248,Active,currency 1,-243,0,1583.0,,,0,1012500.0,,,0.0,Consumer credit,-31,
172376,5715249,Active,currency 1,-594,0,-229.0,,0.0,0,132317.55,0.0,0.0,0.0,Consumer credit,-591,
172376,5715250,Active,currency 1,-594,0,-371.0,,0.0,0,0.0,0.0,0.0,0.0,Credit card,-593,
172376,5715252,Closed,currency 1,-672,0,-307.0,-307.0,,0,41040.0,0.0,0.0,0.0,Consumer credit,-279,
172376,5715253,Closed,currency 1,-1043,0,-860.0,-860.0,,0,72634.5,0.0,0.0,0.0,Consumer credit,-728,
172376,5715254,Closed,currency 1,-1603,0,-1298.0,-1285.0,,0,39105.0,0.0,0.0,0.0,Consumer credit,-762,
172376,5715255,Active,currency 1,-572,0,3089.0,,,0,56250.0,51993.0,0.0,0.0,Credit card,-21,
172376,5715256,Active,currency 1,-409,0,1029.0,,,0,225000.0,204327.0,0.0,0.0,Credit card,-66,
172376,5715257,Active,currency 1,-388,0,342.0,,,0,1170000.0,737640.0,0.0,0.0,Consumer credit,-66,
172376,5715258,Active,currency 1,-355,0,1106.0,,,0,1480500.0,1270998.0,0.0,0.0,Consumer credit,-66,
172376,5715260,Closed,currency 1,-60,0,1766.0,-19.0,,0,2488639.5,2488639.5,,0.0,Car loan,-12,
172376,5715261,Closed,currency 1,-1602,0,-1298.0,-1298.0,4567.32,0,39105.0,0.0,0.0,0.0,Consumer credit,-1285,
172376,5715262,Closed,currency 1,-1285,0,-910.0,-910.0,0.0,0,62419.5,,,0.0,Consumer credit,-908,
172376,5715263,Closed,currency 1,-1042,0,-819.0,-819.0,6615.0,0,56470.5,,,0.0,Consumer credit,-817,
172376,5715264,Closed,currency 1,-821,0,-455.0,-455.0,4861.08,0,53955.0,0.0,0.0,0.0,Consumer credit,-449,
172376,5715265,Active,currency 1,-735,0,27481.0,,0.0,2,364500.0,364037.4,462.6,0.0,Credit card,-31,
172376,5715266,Closed,currency 1,-728,0,-546.0,-546.0,0.0,0,58455.0,0.0,0.0,0.0,Consumer credit,-540,
172376,5715267,Closed,currency 1,-509,0,-325.0,-325.0,0.0,0,89910.0,0.0,0.0,0.0,Consumer credit,-323,
253382,5715269,Closed,currency 1,-1750,0,-1446.0,-966.0,,0,81517.5,,,0.0,Consumer credit,-963,
253382,5715270,Closed,currency 1,-1637,0,-906.0,-905.0,,0,147996.0,31540.5,,0.0,Consumer credit,-606,
253382,5715271,Closed,currency 1,-1542,0,-446.0,-447.0,,0,240885.0,147555.0,,0.0,Consumer credit,-447,
253382,5715272,Active,currency 1,-897,0,,,,0,450000.0,,,0.0,Credit card,-16,
253382,5715273,Closed,currency 1,-1431,0,-700.0,-698.0,10225.62,0,225000.0,0.0,0.0,0.0,Consumer credit,-698,
295483,5715274,Closed,currency 1,-627,0,468.0,-333.0,,0,360000.0,0.0,0.0,0.0,Consumer credit,-313,
295483,5715275,Active,currency 1,-117,0,979.0,,,0,148500.0,142326.0,0.0,0.0,Consumer credit,-40,
295483,5715277,Active,currency 1,-1021,0,77.0,,0.0,0,90000.0,0.0,90000.0,0.0,Credit card,-78,
295483,5715278,Closed,currency 1,-747,0,-444.0,-444.0,0.0,0,73305.0,0.0,0.0,0.0,Consumer credit,-442,
295483,5715279,Closed,currency 1,-531,0,-348.0,-348.0,0.0,0,60750.0,0.0,0.0,0.0,Consumer credit,-344,
295483,5715280,Active,currency 1,-104,0,994.0,,6693.075,0,412857.765,389427.975,0.0,0.0,Consumer credit,-13,
182005,5715285,Closed,currency 1,-1083,0,-991.0,-985.0,,0,9175.5,0.0,0.0,0.0,Consumer credit,-984,
182005,5715286,Active,currency 1,-667,0,31132.0,,,0,90000.0,3285.0,,0.0,Credit card,-429,
182005,5715287,Active,currency 1,-696,0,27481.0,,0.0,2,162000.0,161952.255,47.745,0.0,Credit card,-38,
182005,5715288,Active,currency 1,-667,0,,,0.0,0,0.0,106640.91,0.0,0.0,Credit card,-59,
345257,5715289,Closed,currency 1,-1358,0,-993.0,-1203.0,,0,810000.0,0.0,0.0,0.0,Consumer credit,-307,
345257,5715290,Active,currency 1,-611,0,484.0,,,0,315000.0,172381.5,0.0,0.0,Consumer credit,-5,
251484,5715294,Closed,currency 1,-2914,0,-2518.0,-2517.0,4628.88,0,47689.92,0.0,0.0,0.0,Consumer credit,-2517,
251484,5715295,Closed,currency 1,-2809,0,-2597.0,-2626.0,0.0,0,14418.54,0.0,0.0,0.0,Consumer credit,-2626,
251484,5715296,Closed,currency 1,-2444,0,-2231.0,-2260.0,0.0,0,34174.26,0.0,0.0,0.0,Consumer credit,-2260,
251484,5715297,Active,currency 1,-1147,0,-493.0,,0.0,0,4500.0,-27.63,4527.63,0.0,Credit card,-660,
251484,5715298,Active,currency 1,-1126,0,695.0,,0.0,0,90000.0,0.0,90000.0,0.0,Credit card,-660,
251484,5715299,Active,currency 1,-606,0,-272.0,,0.0,0,56313.0,0.0,0.0,0.0,Consumer credit,-595,
251484,5715301,Closed,currency 1,-2526,0,-1428.0,-1392.0,,0,189832.5,0.0,0.0,0.0,Consumer credit,-1379,
251484,5715302,Closed,currency 1,-2320,0,-1681.0,-1680.0,,0,151065.0,0.0,,0.0,Consumer credit,-1680,
251484,5715304,Active,currency 1,-1123,0,704.0,,0.0,0,1553850.0,758808.0,,0.0,Consumer credit,-10,
251484,5715305,Closed,currency 1,-1091,0,9838.0,-989.0,0.0,0,110250.0,,,0.0,Credit card,-989,
251484,5715306,Active,currency 1,-298,0,,,0.0,0,103952.52,58495.5,45453.375,0.0,Credit card,-22,
356271,5715307,Active,currency 1,-320,0,,,0.0,0,319500.0,17104.5,302393.25,0.0,Credit card,-22,
249072,5715310,Closed,currency 1,-2828,0,-2616.0,-2645.0,0.0,0,43008.93,0.0,0.0,0.0,Consumer credit,-2645,
249072,5715311,Active,currency 1,-2415,0,-1344.0,,13500.0,0,135000.0,-688.86,135688.86,0.0,Credit card,-651,
249072,5715313,Active,currency 1,-1612,0,968.0,,108.63,0,4500.0,-178.065,178.065,0.0,Credit card,-668,
249072,5715314,Closed,currency 1,-1101,0,725.0,-501.0,0.0,0,180000.0,128915.82,96084.18,0.0,Credit card,-501,
249072,5715315,Active,currency 1,-898,0,876.0,,0.0,0,0.0,-49.725,49.725,0.0,Credit card,-655,
249072,5715317,Active,currency 1,-778,0,1060.0,,0.0,0,0.0,0.0,0.0,0.0,Credit card,-656,
249072,5715318,Closed,currency 1,-1743,0,-1405.0,-1375.0,,0,50436.0,0.0,0.0,0.0,Consumer credit,-779,
249072,5715319,Closed,currency 1,-1742,0,-1405.0,-1405.0,,0,50440.5,0.0,,0.0,Consumer credit,-841,
377562,5715320,Closed,currency 1,-928,0,-563.0,-753.0,,0,144000.0,0.0,0.0,0.0,Consumer credit,-741,
377562,5715321,Closed,currency 1,-2007,0,-1725.0,-966.0,,0,180000.0,,,0.0,Consumer credit,-963,
377562,5715322,Closed,currency 1,-2120,0,-1817.0,-966.0,,0,135000.0,,,0.0,Consumer credit,-963,
377562,5715323,Closed,currency 1,-2359,0,-2182.0,-966.0,,0,52272.0,,,0.0,Consumer credit,-963,
377562,5715324,Active,currency 1,-2240,0,1412.0,,,0,495000.0,0.0,,0.0,Credit card,-57,
377562,5715325,Closed,currency 1,-451,0,2167.0,-42.0,0.0,0,5400000.0,,,0.0,Mortgage,-42,
377562,5715327,Active,currency 1,-2245,0,1412.0,,0.0,1,495000.0,0.0,495000.0,0.0,Credit card,-57,
203465,5715330,Closed,currency 1,-2726,0,-2330.0,-2358.0,4747.5,0,48550.5,0.0,0.0,0.0,Consumer credit,-1021,
203465,5715331,Closed,currency 1,-2129,0,-1733.0,-1762.0,0.0,0,45867.42,0.0,0.0,0.0,Consumer credit,-1021,
203465,5715332,Active,currency 1,-1647,0,-493.0,,0.0,0,0.0,-13.815,13.815,0.0,Credit card,-673,
203465,5715333,Active,currency 1,-1180,0,-53.0,,13230.0,0,291159.0,13365.0,0.0,0.0,Consumer credit,-661,
203465,5715334,Active,currency 1,-185,0,1029.0,,,0,67500.0,67797.0,0.0,0.0,Credit card,-56,
203465,5715335,Active,currency 1,-177,0,1649.0,,,0,324000.0,307476.0,0.0,0.0,Consumer credit,-10,
189495,5715337,Closed,currency 1,-756,0,705.0,-87.0,,0,3150000.0,0.0,0.0,0.0,Consumer credit,-38,
189495,5715338,Closed,currency 1,-1152,0,309.0,-754.0,,0,2115000.0,0.0,0.0,0.0,Consumer credit,-580,
189495,5715339,Active,currency 1,-128,0,1698.0,,,0,3638817.0,3566304.0,0.0,0.0,Consumer credit,-38,
189495,5715340,Active,currency 1,-562,0,27481.0,,15406.065,1,180000.0,50238.405,124655.67,0.0,Credit card,-45,
223895,5715341,Closed,currency 1,-1409,0,-1197.0,-1226.0,0.0,0,89955.0,0.0,0.0,0.0,Consumer credit,-1226,
223895,5715342,Active,currency 1,-1409,0,-736.0,,0.0,0,0.0,0.0,0.0,0.0,Credit card,-649,
223895,5715343,Active,currency 1,-489,0,90.0,,0.0,0,96220.215,0.0,0.0,0.0,Consumer credit,-488,
223895,5715344,Closed,currency 1,-2721,0,-2414.0,-2411.0,,0,98604.0,0.0,0.0,0.0,Consumer credit,-831,
223895,5715345,Active,currency 1,-465,0,695.0,,,0,90000.0,0.0,0.0,0.0,Credit card,-53,
223895,5715347,Closed,currency 1,-1090,0,-907.0,-906.0,,0,65268.0,0.0,0.0,0.0,Consumer credit,-906,
223895,5715348,Active,currency 1,-476,0,72.0,,,0,369720.0,71437.5,0.0,0.0,Consumer credit,-11,
223895,5715349,Closed,currency 1,-2720,0,-2414.0,-2414.0,,0,98604.0,0.0,,0.0,Consumer credit,-1107,
223895,5715350,Closed,currency 1,-1117,0,-965.0,-910.0,,0,51804.0,,,0.0,Consumer credit,-907,
223895,5715351,Closed,currency 1,-992,0,-689.0,-672.0,,0,74880.0,,,0.0,Consumer credit,-672,
223895,5715352,Closed,currency 1,-2773,0,-2463.0,-2463.0,0.0,0,121500.0,0.0,0.0,0.0,Consumer credit,-2454,
223895,5715353,Active,currency 1,-251,0,183.0,,0.0,0,131067.0,69748.695,0.0,0.0,Consumer credit,-5,
223895,5715354,Active,currency 1,-103,0,628.0,,0.0,0,90000.0,,,0.0,Credit card,-11,
301065,5715355,Closed,currency 1,-2569,0,-2335.0,-2335.0,,0,47502.0,0.0,0.0,0.0,Consumer credit,-2320,
301065,5715356,Active,currency 1,-615,0,115.0,,,0,292090.5,,,0.0,Consumer credit,-509,
301065,5715357,Closed,currency 1,-615,0,115.0,-481.0,,0,292090.5,,,0.0,Consumer credit,-479,
119452,5715359,Closed,currency 1,-2251,0,-425.0,-704.0,,0,1278486.0,0.0,,0.0,Car loan,-704,
119452,5715360,Active,currency 1,-1620,0,572.0,,,0,1017450.0,1015285.5,,0.0,Credit card,-6,
119452,5715361,Closed,currency 1,-260,0,-114.0,-114.0,0.0,0,267795.0,0.0,0.0,0.0,Consumer credit,-113,
119452,5715362,Active,currency 1,-114,0,982.0,,0.0,0,1377000.0,1305963.0,0.0,0.0,Consumer credit,-15,
432127,5715363,Closed,currency 1,-2894,0,-2499.0,-2558.0,0.0,0,40669.38,0.0,0.0,0.0,Consumer credit,-2558,
432127,5715364,Closed,currency 1,-2796,0,-1681.0,-1535.0,0.0,0,135000.0,0.0,0.0,0.0,Credit card,-1535,
432127,5715365,Closed,currency 1,-2518,0,-2305.0,-2364.0,0.0,0,32021.19,0.0,0.0,0.0,Consumer credit,-2364,
432127,5715367,Closed,currency 1,-2246,0,-1943.0,-1943.0,,0,119430.0,0.0,0.0,0.0,Consumer credit,-1941,
291159,5715371,Closed,currency 1,-2906,0,-2694.0,-2722.0,6300.0,0,35190.0,0.0,0.0,0.0,Consumer credit,-2722,
291159,5715372,Closed,currency 1,-2821,0,-2609.0,-2638.0,9489.33,0,52402.5,0.0,0.0,0.0,Consumer credit,-2638,
291159,5715374,Closed,currency 1,-1779,0,-1596.0,-1595.0,,0,113265.0,0.0,0.0,0.0,Consumer credit,-1530,
291159,5715375,Active,currency 1,-1013,0,814.0,,,0,1764000.0,1018282.5,0.0,0.0,Consumer credit,-69,
291159,5715376,Active,currency 1,-1519,0,5786.0,,,0,6750000.0,1778854.5,0.0,0.0,Mortgage,-69,
291159,5715377,Closed,currency 1,-2484,0,-2177.0,-2176.0,0.0,0,174105.0,,,0.0,Consumer credit,-2173,
291159,5715378,Closed,currency 1,-1851,0,-1760.0,-388.0,0.0,0,67455.0,0.0,0.0,0.0,Consumer credit,-385,
291159,5715379,Active,currency 1,-119,0,63.0,,0.0,0,308632.5,160479.27,0.0,0.0,Consumer credit,-5,
119306,5715380,Closed,currency 1,-1040,0,-917.0,-950.0,,0,40725.0,0.0,0.0,0.0,Consumer credit,-949,
119306,5715381,Active,currency 1,-243,0,1090.0,,,0,67500.0,63688.5,0.0,0.0,Credit card,-9,
119306,5715382,Closed,currency 1,-648,0,448.0,-308.0,0.0,0,182070.0,0.0,0.0,0.0,Consumer credit,-307,
441717,5715383,Active,currency 1,-1150,0,-67.0,,,0,270000.0,270454.5,0.0,0.0,Credit card,-69,
441717,5715384,Active,currency 1,-1262,0,2391.0,,,0,2250000.0,1012383.0,0.0,0.0,Mortgage,-69,
431472,5715386,Closed,currency 1,-1092,0,-726.0,-749.0,,0,141493.5,0.0,0.0,0.0,Consumer credit,-744,
431472,5715387,Closed,currency 1,-2787,0,-2422.0,-2422.0,,0,37084.5,0.0,,0.0,Consumer credit,-2422,
431472,5715388,Closed,currency 1,-2214,0,-1850.0,-1862.0,,0,67500.0,0.0,,0.0,Credit card,-1862,
431472,5715389,Closed,currency 1,-2850,0,-2546.0,-2563.0,,0,71455.5,0.0,,0.0,Consumer credit,-1765,
431472,5715390,Closed,currency 1,-1766,0,-1462.0,-1462.0,,0,57375.0,0.0,,0.0,Consumer credit,-1462,
431472,5715391,Closed,currency 1,-1561,0,-1196.0,-1196.0,,0,83506.5,0.0,,0.0,Consumer credit,-1196,
431472,5715392,Closed,currency 1,-1396,0,-1029.0,-1027.0,,0,99000.0,0.0,,0.0,Credit card,-1027,
431472,5715393,Closed,currency 1,-1391,0,-1022.0,-1022.0,,0,40950.0,0.0,,0.0,Consumer credit,-1020,
431472,5715395,Closed,currency 1,-1196,0,-648.0,-628.0,,0,150556.5,,,0.0,Consumer credit,-622,
431472,5715396,Closed,currency 1,-2737,0,-2371.0,-505.0,,0,36000.0,0.0,,0.0,Consumer credit,-505,
431472,5715397,Closed,currency 1,-2317,0,-1769.0,-505.0,,0,135000.0,0.0,,0.0,Consumer credit,-505,
420236,5715398,Closed,currency 1,-871,0,-770.0,-769.0,,0,72000.0,0.0,0.0,0.0,Credit card,-716,
420236,5715399,Closed,currency 1,-1181,0,-812.0,-797.0,,0,86166.0,0.0,0.0,0.0,Consumer credit,-731,
420236,5715400,Closed,currency 1,-1087,0,-782.0,-993.0,,0,105295.5,0.0,0.0,0.0,Consumer credit,-993,
420236,5715401,Closed,currency 1,-1656,0,-1564.0,-1560.0,,0,17460.0,0.0,0.0,0.0,Consumer credit,-1532,
420236,5715402,Active,currency 1,-329,0,36.0,,,0,91620.0,24300.0,0.0,0.0,Consumer credit,-40,
420236,5715403,Active,currency 1,-1169,0,-67.0,,,0,180000.0,182313.0,0.0,0.0,Credit card,-87,
420236,5715405,Closed,currency 1,-1331,0,-1210.0,-1211.0,,0,21730.5,0.0,,0.0,Consumer credit,-1210,
420236,5715406,Closed,currency 1,-1215,0,-1123.0,-1181.0,,0,14458.5,0.0,,0.0,Consumer credit,-1181,
420236,5715407,Closed,currency 1,-1651,0,-1347.0,-966.0,,0,95049.0,,,0.0,Consumer credit,-963,
420236,5715409,Active,currency 1,-179,0,,,,0,450000.0,,,0.0,Credit card,-9,
420236,5715410,Closed,currency 1,-1573,0,-1481.0,-1481.0,0.0,0,11380.5,0.0,0.0,0.0,Consumer credit,-1480,
420236,5715411,Closed,currency 1,-943,0,-759.0,-759.0,3926.52,0,24295.5,0.0,0.0,0.0,Consumer credit,-759,
381062,5715412,Closed,currency 1,-1048,0,-866.0,-864.0,,0,66780.0,0.0,0.0,0.0,Consumer credit,-781,
381062,5715413,Closed,currency 1,-1319,0,-1141.0,-1141.0,,0,60718.5,0.0,0.0,0.0,Consumer credit,-1138,
381062,5715414,Active,currency 1,-1229,0,597.0,,,0,3169647.0,1320934.5,0.0,0.0,Car loan,-5,
381062,5715415,Closed,currency 1,-266,0,-84.0,-235.0,0.0,0,112455.0,0.0,0.0,0.0,Consumer credit,-234,
194572,5715416,Closed,currency 1,-871,0,-506.0,-401.0,,0,0.0,0.0,0.0,0.0,Credit card,-396,
194572,5715417,Closed,currency 1,-1945,0,-651.0,-610.0,,0,0.0,0.0,0.0,0.0,Credit card,-607,
194572,5715418,Active,currency 1,-109,0,968.0,,,0,180000.0,153292.5,0.0,0.0,Credit card,-46,
147546,5715420,Sold,currency 1,-1337,0,-239.0,,,0,477000.0,0.0,,0.0,Consumer credit,-280,
342165,5715422,Closed,currency 1,-1293,0,-561.0,-561.0,,0,225000.0,0.0,0.0,0.0,Consumer credit,-479,
342165,5715423,Closed,currency 1,-1874,0,-1509.0,-1509.0,,0,45000.0,0.0,0.0,0.0,Consumer credit,-479,
342165,5715424,Active,currency 1,-533,0,562.0,,,0,360000.0,308736.0,0.0,0.0,Credit card,-13,
342165,5715425,Closed,currency 1,-957,0,-43.0,-329.0,,0,1800000.0,,,0.0,Consumer credit,-329,
342165,5715426,Active,currency 1,-190,0,906.0,,,0,689247.0,,,0.0,Consumer credit,-31,
232982,5715428,Closed,currency 1,-1809,0,-1475.0,-1503.0,,0,48551.4,0.0,,0.0,Consumer credit,-745,
327043,5715429,Closed,currency 1,-46,0,-30.0,-40.0,,0,4500.0,0.0,0.0,0.0,Consumer credit,-36,
327043,5715430,Closed,currency 1,-66,0,-50.0,-54.0,,0,9000.0,0.0,0.0,0.0,Consumer credit,-53,
327043,5715431,Closed,currency 1,-95,0,-63.0,-72.0,,0,9000.0,0.0,0.0,0.0,Consumer credit,-71,
327043,5715432,Closed,currency 1,-122,0,-106.0,-116.0,,0,4500.0,0.0,0.0,0.0,Consumer credit,-85,
327043,5715433,Closed,currency 1,-137,0,-121.0,-133.0,,0,18000.0,0.0,0.0,0.0,Consumer credit,-85,
327043,5715434,Closed,currency 1,-155,0,-139.0,-144.0,,0,4500.0,0.0,0.0,0.0,Consumer credit,-85,
327043,5715435,Active,currency 1,-5,0,11.0,,,0,9000.0,9540.0,0.0,0.0,Consumer credit,-1,
327043,5715437,Closed,currency 1,-13,0,3.0,-4.0,,0,4500.0,0.0,,0.0,Microloan,-4,
327043,5715438,Closed,currency 1,-38,0,-22.0,-5.0,,0,4500.0,0.0,,0.0,Microloan,-4,
327043,5715440,Closed,currency 1,-99,0,-83.0,-4.0,,0,4500.0,0.0,,0.0,Microloan,-4,
327043,5715441,Closed,currency 1,-70,0,-54.0,-4.0,,0,4500.0,0.0,,0.0,Microloan,-4,
327043,5715442,Closed,currency 1,-157,0,-141.0,-4.0,,0,4500.0,0.0,,0.0,Microloan,-4,
327043,5715443,Closed,currency 1,-81,0,-65.0,-4.0,,0,13500.0,0.0,,0.0,Microloan,-4,
327043,5715444,Closed,currency 1,-8,0,8.0,-4.0,,0,4500.0,0.0,,0.0,Microloan,-4,
327043,5715445,Closed,currency 1,-132,0,-116.0,-4.0,,0,13500.0,0.0,,0.0,Microloan,-4,
380361,5715448,Active,currency 1,-820,0,31069.0,,,0,67500.0,0.0,67500.0,0.0,Credit card,-183,0.0
380361,5715449,Active,currency 1,-357,0,1119.0,,,0,45000.0,0.0,45000.0,0.0,Credit card,-130,2691.0
380361,5715451,Closed,currency 1,-917,0,-187.0,-759.0,,0,74439.0,0.0,0.0,0.0,Consumer credit,-748,0.0
380361,5715452,Closed,currency 1,-993,0,31039.0,-831.0,,0,315000.0,0.0,0.0,0.0,Credit card,-818,0.0
380361,5715453,Closed,currency 1,-1146,0,681.0,-780.0,,0,2025000.0,0.0,0.0,0.0,Consumer credit,-769,0.0
380361,5715454,Closed,currency 1,-1622,0,-1074.0,-1073.0,,0,540000.0,0.0,0.0,0.0,Consumer credit,-1006,0.0
380361,5715455,Closed,currency 1,-2631,0,-804.0,-1096.0,,0,2205000.0,0.0,0.0,0.0,Car loan,-944,
380361,5715456,Closed,currency 1,-1449,0,-1084.0,-1267.0,,0,60480.0,0.0,0.0,0.0,Consumer credit,-1259,
380361,5715457,Active,currency 1,-222,0,874.0,,,0,202500.0,31594.5,0.0,0.0,Credit card,-18,0.0
380361,5715458,Closed,currency 1,-749,0,-111.0,-110.0,,0,1267843.5,0.0,,0.0,Consumer credit,-110,0.0
380361,5715459,Active,currency 1,-629,0,31069.0,,,0,72873.0,0.0,,0.0,Credit card,-36,0.0
380361,5715460,Active,currency 1,-233,0,498.0,,,0,168525.0,,,0.0,Consumer credit,-16,0.0
380361,5715461,Active,currency 1,-112,0,2445.0,,,0,2187000.0,2177275.5,,0.0,Consumer credit,-8,0.0
125263,5715463,Active,currency 1,-462,0,273.0,,0.0,0,121131.0,52763.58,0.0,0.0,Consumer credit,-5,24462.0
408647,5715465,Closed,currency 1,-721,0,-356.0,-503.0,,0,120375.0,0.0,0.0,0.0,Consumer credit,-502,
408647,5715466,Closed,currency 1,-2365,0,-539.0,-570.0,,0,675000.0,0.0,0.0,0.0,Consumer credit,-127,
408647,5715467,Active,currency 1,-1323,0,504.0,,,0,382500.0,147262.5,0.0,0.0,Consumer credit,-11,
408647,5715468,Active,currency 1,-313,6,233.0,,,0,417208.5,214947.0,0.0,288.0,Consumer credit,-5,
408647,5715469,Active,currency 1,-561,0,1265.0,,,0,900000.0,725854.5,0.0,0.0,Consumer credit,-11,
275240,5715470,Closed,currency 1,-2341,0,-1974.0,-1974.0,,0,112500.0,0.0,0.0,0.0,Consumer credit,-1496,8181.0
275240,5715471,Active,currency 1,-2467,0,-2099.0,,,0,90000.0,0.0,0.0,0.0,Consumer credit,-1159,
275240,5715472,Closed,currency 1,-1147,0,-964.0,-969.0,,0,88848.0,0.0,0.0,0.0,Consumer credit,-968,8181.0
399518,5715473,Closed,currency 1,-941,0,,-823.0,,0,0.0,0.0,,0.0,Credit card,-466,8061.21
399518,5715474,Active,currency 1,-896,0,,,,0,397165.5,176967.0,,0.0,Credit card,-6,0.0
215382,5715475,Closed,currency 1,-534,0,-351.0,-349.0,,0,34515.0,0.0,,0.0,Consumer credit,-4,13131.0
215382,5715476,Closed,currency 1,-1645,0,-1553.0,-1553.0,,0,38362.5,0.0,0.0,0.0,Consumer credit,-162,
401081,5715478,Closed,currency 1,-251,0,1604.0,-37.0,,0,1395000.0,0.0,,0.0,Credit card,-31,0.0
401081,5715479,Closed,currency 1,-614,0,-333.0,-581.0,,0,109323.0,0.0,,0.0,Consumer credit,-376,40522.005
401081,5715480,Active,currency 1,-360,0,36.0,,,0,437319.0,39578.49,,0.0,Consumer credit,-20,
291600,5715482,Active,currency 1,-684,0,1119.0,,,0,0.0,818.28,,0.0,Credit card,-42,
291600,5715483,Active,currency 1,-689,0,1150.0,,,0,256500.0,226118.835,30381.165,0.0,Credit card,-18,
291600,5715484,Closed,currency 1,-2309,0,-2097.0,-2154.0,,0,39808.89,0.0,,0.0,Consumer credit,-721,
291600,5715485,Closed,currency 1,-2394,0,-2271.0,-2271.0,,0,25614.0,0.0,,0.0,Consumer credit,-472,
291600,5715486,Closed,currency 1,-1619,0,-1223.0,-1282.0,,0,73703.205,0.0,,0.0,Consumer credit,-721,
291600,5715487,Closed,currency 1,-342,0,204.0,-161.0,,0,149224.5,0.0,,0.0,Consumer credit,-137,
291600,5715488,Active,currency 1,-100,0,266.0,,0.0,0,119200.5,103752.0,0.0,0.0,Consumer credit,-38,
359759,5715489,Closed,currency 1,-2431,0,-2339.0,-2329.0,,0,48078.0,0.0,0.0,0.0,Consumer credit,-902,
359759,5715490,Closed,currency 1,-1263,0,-1071.0,-1050.0,,0,139500.0,0.0,0.0,0.0,Consumer credit,-802,
359759,5715491,Closed,currency 1,-1628,0,-1534.0,-1507.0,,0,63315.0,0.0,0.0,0.0,Consumer credit,-851,
359759,5715492,Closed,currency 1,-1468,0,-920.0,-920.0,,0,612900.0,0.0,0.0,0.0,Consumer credit,-852,
359759,5715495,Closed,currency 1,-1627,0,-1534.0,-1534.0,,0,63315.0,0.0,,0.0,Consumer credit,-849,
359759,5715496,Closed,currency 1,-2430,0,-2339.0,-2339.0,,0,48078.0,0.0,,0.0,Consumer credit,-849,
359759,5715498,Closed,currency 1,-2918,0,-2612.0,-2609.0,0.0,0,98797.5,,,0.0,Consumer credit,-2609,
359759,5715499,Closed,currency 1,-2595,0,-2227.0,-2225.0,0.0,0,466200.0,,,0.0,Consumer credit,-2221,
359759,5715500,Closed,currency 1,-2379,0,,-369.0,0.0,0,126450.0,0.0,0.0,0.0,Credit card,-279,
359759,5715501,Closed,currency 1,-850,0,-732.0,-732.0,0.0,0,50707.485,0.0,0.0,0.0,Consumer credit,-730,
387252,5715502,Active,currency 1,-2911,0,2234.0,,,0,5730750.0,3734041.5,0.0,0.0,Mortgage,-11,
387252,5715503,Active,currency 1,-1490,0,31062.0,,,0,270000.0,267943.5,,0.0,Credit card,-16,
279707,5715504,Closed,currency 1,-531,0,-165.0,-165.0,0.0,0,225000.0,0.0,0.0,0.0,Consumer credit,-162,
279707,5715505,Active,currency 1,-127,0,665.0,,0.0,0,450000.0,,,0.0,Consumer credit,-34,
298038,5715506,Closed,currency 1,-573,0,-24.0,-406.0,,0,540000.0,0.0,0.0,0.0,Consumer credit,-404,
298038,5715507,Active,currency 1,-291,0,785.0,,,0,441000.0,415494.0,0.0,0.0,Credit card,-19,
298038,5715508,Active,currency 1,-320,0,45.0,,,0,675000.0,197154.0,,0.0,Consumer credit,-39,26550.0
298038,5715509,Closed,currency 1,-760,0,4778.0,-451.0,0.0,0,3600000.0,,,0.0,Mortgage,-451,67995.0
298038,5715510,Closed,currency 1,-586,0,-339.0,-553.0,0.0,0,40791.33,0.0,0.0,0.0,Consumer credit,-553,67995.0
192801,5715511,Active,currency 1,-1042,0,,,0.0,0,450000.0,437553.0,12447.0,0.0,Credit card,-9,
417125,5715512,Closed,currency 1,-1855,0,-1491.0,-1735.0,,0,139500.0,0.0,0.0,0.0,Consumer credit,-1416,
417125,5715513,Active,currency 1,-1058,0,38.0,,,0,292500.0,39987.0,0.0,0.0,Consumer credit,-60,
417125,5715514,Active,currency 1,-298,0,-268.0,,,0,540000.0,69030.0,0.0,0.0,Credit card,-58,
417125,5715516,Closed,currency 1,-1211,0,-907.0,-883.0,,0,153211.5,,,0.0,Consumer credit,-880,
417125,5715517,Closed,currency 1,-779,0,-414.0,-414.0,0.0,0,167346.0,0.0,0.0,0.0,Consumer credit,-414,
417125,5715518,Closed,currency 1,-658,0,-293.0,-355.0,0.0,0,75010.5,0.0,0.0,0.0,Consumer credit,-355,
417125,5715519,Closed,currency 1,-359,0,-85.0,-328.0,0.0,0,73741.5,0.0,0.0,0.0,Consumer credit,-327,
448798,5715521,Active,currency 1,-319,0,777.0,,0.0,0,1125000.0,,,0.0,Consumer credit,-14,43668.0
311464,5715522,Closed,currency 1,-1863,0,-1743.0,-1800.0,,0,27187.2,0.0,,0.0,Consumer credit,-719,15321.87
311464,5715523,Active,currency 1,-566,0,844.0,,,0,135000.0,0.0,0.0,0.0,Credit card,-14,10491.885
311464,5715524,Active,currency 1,-350,0,15.0,,,0,125901.0,11151.0,0.0,0.0,Consumer credit,-12,27000.0
311464,5715525,Closed,currency 1,-2093,0,-2006.0,-1029.0,,0,27000.0,,,0.0,Consumer credit,-1026,10491.885
311464,5715527,Closed,currency 1,-1352,0,,-1209.0,0.0,0,0.0,0.0,0.0,0.0,Credit card,-410,10491.885
311464,5715528,Active,currency 1,-106,0,,,0.0,0,153218.655,129123.0,24092.595,0.0,Credit card,-22,10491.885
400434,5715529,Closed,currency 1,-1910,0,-1637.0,-1666.0,0.0,0,76455.0,0.0,0.0,0.0,Consumer credit,-1662,
400434,5715530,Closed,currency 1,-697,0,764.0,-377.0,0.0,0,1342196.91,0.0,0.0,0.0,Consumer credit,-372,
400434,5715531,Closed,currency 1,-377,0,1082.0,-312.0,0.0,0,1612440.315,0.0,0.0,0.0,Consumer credit,-310,
327826,5715532,Active,currency 1,-78,0,287.0,,,0,21847.5,18490.5,0.0,0.0,Consumer credit,-5,
327826,5715533,Closed,currency 1,-1158,0,-792.0,-792.0,0.0,0,86850.0,0.0,0.0,0.0,Consumer credit,-786,
200527,5715534,Closed,currency 1,-1075,0,-709.0,-773.0,,0,66307.5,0.0,0.0,0.0,Consumer credit,-772,8245.395
200527,5715535,Active,currency 1,-1666,0,158.0,,,0,450000.0,69408.0,0.0,0.0,Consumer credit,-6,8245.395
200527,5715536,Active,currency 1,-1208,0,619.0,,,0,2250000.0,,,0.0,Consumer credit,-711,8245.395
200527,5715537,Closed,currency 1,-824,0,-521.0,-581.0,0.0,0,89415.0,0.0,0.0,0.0,Consumer credit,-580,8245.395
393321,5715538,Active,currency 1,-264,0,833.0,,0.0,0,450000.0,,,0.0,Consumer credit,-19,12162.15
393321,5715539,Active,currency 1,-228,0,1598.0,,0.0,0,324000.0,,,0.0,Consumer credit,-14,
393321,5715540,Closed,currency 1,-146,0,935.0,-41.0,0.0,0,445262.94,0.0,0.0,0.0,Consumer credit,-35,12162.15
348319,5715542,Active,currency 1,-482,0,1344.0,,,0,1472598.0,1219900.5,0.0,0.0,Consumer credit,-15,
427773,5715543,Closed,currency 1,-748,0,-171.0,-200.0,,0,158657.31,0.0,,0.0,Consumer credit,-196,3337.11
427773,5715544,Active,currency 1,-824,0,266.0,,,0,540000.0,0.0,0.0,0.0,Credit card,-98,3337.11
427773,5715545,Active,currency 1,-287,0,809.0,,,0,474300.0,381006.0,0.0,0.0,Consumer credit,-10,3337.11
328955,5715546,Closed,currency 1,-637,0,-393.0,-427.0,2.79,0,2240778.69,0.0,0.0,0.0,Car loan,-427,
332942,5715547,Closed,currency 1,-1490,0,9470.0,-1476.0,0.0,0,0.0,,,0.0,Credit card,-1476,
332942,5715548,Closed,currency 1,-711,0,-530.0,-512.0,953.235,0,17955.0,0.0,0.0,0.0,Consumer credit,-511,
332942,5715549,Closed,currency 1,-632,0,-540.0,-540.0,0.0,0,79570.665,0.0,0.0,0.0,Consumer credit,-534,
332942,5715550,Closed,currency 1,-608,0,-243.0,-243.0,0.0,0,174002.805,0.0,0.0,0.0,Consumer credit,-240,
332942,5715552,Closed,currency 1,-393,0,-89.0,-89.0,0.0,0,58191.57,0.0,0.0,0.0,Consumer credit,-86,
332942,5715553,Closed,currency 1,-303,0,-29.0,-91.0,0.0,0,68809.5,0.0,0.0,0.0,Consumer credit,-89,
367696,5715554,Closed,currency 1,-1085,0,-749.0,-961.0,,0,54631.35,0.0,,0.0,Consumer credit,-719,
367696,5715555,Closed,currency 1,-641,0,455.0,-582.0,,0,117000.0,0.0,0.0,0.0,Consumer credit,-575,
367696,5715556,Closed,currency 1,-1057,0,-875.0,-873.0,,0,31468.5,0.0,,0.0,Consumer credit,-873,
101060,5715559,Closed,currency 1,-1087,0,-874.0,-902.0,,0,74242.8,0.0,,0.0,Consumer credit,-711,
101060,5715560,Active,currency 1,-709,0,783.0,,,0,395940.69,270998.82,,0.0,Consumer credit,-7,
101060,5715561,Active,currency 1,-886,0,479.0,,,0,270000.0,137875.5,0.0,0.0,Credit card,-26,
101060,5715564,Closed,currency 1,-2632,0,-2478.0,-2541.0,0.0,0,76392.0,0.0,0.0,0.0,Consumer credit,-2539,
357810,5715565,Active,currency 1,-931,0,419.0,,,0,90000.0,91228.5,0.0,0.0,Credit card,-7,
245970,5715566,Active,currency 1,-334,0,1019.0,,,0,247500.0,0.0,0.0,0.0,Credit card,-44,
245970,5715567,Closed,currency 1,-983,0,-617.0,-677.0,0.0,0,119249.64,0.0,0.0,0.0,Consumer credit,-677,
281040,5715569,Closed,currency 1,-2375,0,-2041.0,-2069.0,,0,63180.0,0.0,,0.0,Consumer credit,-729,
281040,5715570,Closed,currency 1,-824,0,-521.0,-549.0,,0,108045.0,0.0,,0.0,Consumer credit,-546,
281040,5715572,Closed,currency 1,-1237,0,-299.0,-299.0,,0,360000.0,0.0,0.0,0.0,Consumer credit,-279,
281040,5715573,Closed,currency 1,-1490,0,-1217.0,-1217.0,,0,62811.0,0.0,0.0,0.0,Consumer credit,-868,
281040,5715574,Closed,currency 1,-1886,0,-1702.0,-1699.0,,0,31590.0,0.0,0.0,0.0,Consumer credit,-1599,
281040,5715576,Active,currency 1,-298,0,156.0,,,0,175500.0,76252.5,0.0,0.0,Consumer credit,-24,
281040,5715577,Active,currency 1,-589,0,31062.0,,,0,378000.0,286240.5,0.0,0.0,Credit card,-5,
281040,5715578,Closed,currency 1,-1001,0,-942.0,-883.0,,0,44082.0,,,0.0,Consumer credit,-880,
281040,5715579,Closed,currency 1,-617,0,-284.0,-258.0,,0,155385.0,,,0.0,Consumer credit,-252,
281040,5715580,Closed,currency 1,-2621,0,-2437.0,-2437.0,0.0,0,14490.0,0.0,0.0,0.0,Consumer credit,-2434,
281040,5715581,Closed,currency 1,-937,0,-813.0,-876.0,0.0,0,27720.0,0.0,0.0,0.0,Consumer credit,-876,
124718,5715585,Closed,currency 1,-2610,0,-1636.0,-1627.0,,0,3375000.0,0.0,,0.0,Mortgage,-1624,
124718,5715586,Closed,currency 1,-1498,0,-402.0,-494.0,,0,1256431.5,0.0,,0.0,Car loan,-494,
124718,5715588,Active,currency 1,-172,0,3481.0,,0.0,0,5400000.0,,,0.0,Mortgage,-27,
298496,5715589,Closed,currency 1,-1031,0,-637.0,-816.0,,0,251734.5,0.0,,0.0,Consumer credit,-713,
298496,5715590,Closed,currency 1,-1002,0,-818.0,-818.0,,0,83209.5,0.0,0.0,0.0,Consumer credit,-787,
298496,5715591,Closed,currency 1,-1039,0,-855.0,-886.0,,0,900000.0,0.0,0.0,0.0,Consumer credit,-868,
298496,5715592,Active,currency 1,-1038,0,,,0.0,0,0.0,0.0,0.0,0.0,Credit card,-29,
296586,5715593,Closed,currency 1,-1207,0,-1029.0,-1029.0,,0,30838.5,0.0,,0.0,Consumer credit,-393,0.0
296586,5715594,Closed,currency 1,-1470,0,-824.0,-824.0,,0,128605.5,0.0,0.0,0.0,Consumer credit,-779,0.0
296586,5715595,Closed,currency 1,-1567,0,-1382.0,-1348.0,,0,57910.5,0.0,0.0,0.0,Consumer credit,-825,0.0
296586,5715596,Closed,currency 1,-2045,0,-1740.0,-1713.0,,0,36063.0,0.0,0.0,0.0,Consumer credit,-843,0.0
296586,5715597,Active,currency 1,-452,0,966.0,,,0,112500.0,105241.5,0.0,0.0,Credit card,-30,
296586,5715598,Closed,currency 1,-1652,0,-1288.0,-1288.0,,0,67500.0,0.0,,0.0,Credit card,-1285,0.0
296586,5715599,Closed,currency 1,-1566,0,-1382.0,-1378.0,10634.355,0,57912.48,0.0,0.0,0.0,Consumer credit,-1348,
296586,5715600,Closed,currency 1,-359,0,-55.0,-55.0,0.0,0,77239.035,0.0,0.0,0.0,Consumer credit,-50,0.0
190334,5715601,Closed,currency 1,-1988,0,-1960.0,-1960.0,,0,13500.0,0.0,0.0,0.0,Credit card,-833,
190334,5715603,Active,currency 1,-1218,0,30956.0,,,0,216000.0,15457.5,0.0,0.0,Consumer credit,-495,
190334,5715604,Active,currency 1,-372,0,935.0,,,0,225000.0,200002.5,0.0,0.0,Credit card,-30,0.0
190334,5715605,Closed,currency 1,-1364,0,-1180.0,-1210.0,,0,19935.0,0.0,,0.0,Consumer credit,-1210,0.0
190334,5715606,Closed,currency 1,-2108,0,-1559.0,-1559.0,,0,67815.0,0.0,,0.0,Consumer credit,-1177,16200.0
190334,5715607,Closed,currency 1,-2320,0,-1953.0,-1953.0,0.0,0,64851.75,0.0,0.0,0.0,Consumer credit,-1155,16200.0
190334,5715608,Closed,currency 1,-1691,0,-1326.0,-1357.0,0.0,0,43357.5,0.0,0.0,0.0,Consumer credit,-1356,
190334,5715609,Active,currency 1,-1578,0,,,2132.82,0,162000.0,0.0,162000.0,0.0,Credit card,-36,0.0
190334,5715610,Active,currency 1,-518,0,1309.0,,0.0,0,1800000.0,,,0.0,Consumer credit,-28,0.0
157377,5715611,Closed,currency 1,-2349,0,-2164.0,-2152.0,,0,23845.5,0.0,0.0,0.0,Consumer credit,-848,
157377,5715612,Closed,currency 1,-1353,0,-1198.0,-1203.0,,0,42750.0,0.0,0.0,0.0,Consumer credit,-1202,
157377,5715613,Active,currency 1,-41,0,1206.0,,,0,900000.0,539847.0,0.0,0.0,Consumer credit,-8,
157377,5715614,Closed,currency 1,-2348,0,-2164.0,-2164.0,,0,23845.5,0.0,,0.0,Consumer credit,-1206,
157377,5715615,Active,currency 1,-1140,0,-957.0,,,0,19350.0,0.0,,0.0,Consumer credit,-428,
157377,5715616,Closed,currency 1,-806,0,-441.0,-413.0,,0,122872.5,,,0.0,Consumer credit,-406,
157377,5715617,Active,currency 1,-211,0,93.0,,,0,76207.5,,,0.0,Consumer credit,-7,
157377,5715618,Closed,currency 1,-2303,0,,-376.0,0.0,0,13500.0,0.0,0.0,0.0,Credit card,-286,
157377,5715619,Closed,currency 1,-2239,0,-1909.0,-1909.0,63.0,0,80415.0,,,0.0,Consumer credit,-1904,
157377,5715620,Closed,currency 1,-1709,0,-1526.0,-1526.0,5202.045,0,30465.0,0.0,0.0,0.0,Consumer credit,-1526,
157377,5715621,Closed,currency 1,-1559,0,-1254.0,-1254.0,0.0,0,167112.0,,,0.0,Consumer credit,-1252,
157377,5715622,Active,currency 1,-232,0,77.0,,0.0,0,249834.6,80763.435,0.0,0.0,Consumer credit,-6,
157377,5715623,Active,currency 1,-21,0,344.0,,0.0,0,15705.0,15705.0,0.0,0.0,Consumer credit,-19,
250967,5715624,Active,currency 1,-706,0,1073.0,,,0,0.0,0.0,0.0,0.0,Credit card,-5,
250967,5715625,Closed,currency 1,-658,0,-348.0,-442.0,,0,44910.0,0.0,,0.0,Consumer credit,-383,
250967,5715626,Active,currency 1,-193,0,538.0,,,0,509400.0,405516.465,,0.0,Consumer credit,-1,
250967,5715628,Closed,currency 1,-2395,0,-2030.0,-2029.0,0.0,0,31549.5,,,0.0,Consumer credit,-2027,
250967,5715629,Closed,currency 1,-1394,0,-663.0,-663.0,15813.0,0,372505.5,0.0,0.0,0.0,Consumer credit,-571,
104261,5715630,Active,currency 1,-587,0,872.0,,,0,450000.0,317925.0,0.0,0.0,Consumer credit,-6,14301.0
388017,5715632,Closed,currency 1,-1949,0,-123.0,-203.0,,0,900000.0,0.0,0.0,0.0,Consumer credit,-125,13396.5
388017,5715633,Closed,currency 1,-2461,0,-2373.0,-2371.0,,0,30357.0,,,0.0,Consumer credit,-2076,13396.5
388017,5715634,Active,currency 1,-2461,0,,,0.0,0,126000.0,0.0,0.0,0.0,Credit card,-9,0.0
388017,5715635,Closed,currency 1,-376,0,-284.0,-284.0,0.0,0,25137.0,0.0,0.0,0.0,Consumer credit,-284,13396.5
388017,5715636,Active,currency 1,-49,0,74.0,,0.0,0,50452.83,38290.5,0.0,0.0,Consumer credit,-8,13396.5
213544,5715637,Active,currency 1,-79,0,133.0,,,0,30606.84,20968.245,,0.0,Consumer credit,-12,
213544,5715638,Closed,currency 1,-1105,0,722.0,-147.0,,0,1575000.0,0.0,0.0,0.0,Consumer credit,-120,
213544,5715639,Closed,currency 1,-1231,0,-1047.0,-1049.0,,0,80374.5,0.0,0.0,0.0,Consumer credit,-1049,
213544,5715640,Closed,currency 1,-1761,0,-1215.0,-1257.0,,0,278019.0,0.0,0.0,0.0,Consumer credit,-703,
213544,5715641,Active,currency 1,-63,0,760.0,,,0,261000.0,253489.5,0.0,0.0,Consumer credit,-21,
213544,5715642,Closed,currency 1,-1593,0,-1226.0,-1226.0,5337.18,0,73669.5,0.0,0.0,0.0,Consumer credit,-1225,
380677,5715645,Active,currency 1,-2659,30,-2353.0,,,0,57024.0,0.0,,58.5,Consumer credit,-493,
380677,5715647,Closed,currency 1,-1136,0,-984.0,-1013.0,,0,111818.34,0.0,,0.0,Consumer credit,-743,
380677,5715648,Closed,currency 1,-1136,0,-1072.0,-1057.0,,0,95157.0,0.0,0.0,0.0,Consumer credit,-806,
380677,5715649,Active,currency 1,-539,0,922.0,,,0,490500.0,358384.5,0.0,0.0,Consumer credit,-12,
380677,5715650,Closed,currency 1,-1135,0,-953.0,-1071.0,0.0,0,95157.0,,,0.0,Consumer credit,-1071,
380677,5715651,Active,currency 1,-493,0,,,14637.645,0,321750.0,318006.0,3740.22,0.0,Credit card,-16,
380677,5715652,Active,currency 1,-156,0,28.0,,0.0,0,22860.0,8019.0,0.0,0.0,Consumer credit,-33,
181753,5715653,Closed,currency 1,-1844,0,-1569.0,-1781.0,,0,50418.0,0.0,0.0,0.0,Consumer credit,-1606,
181753,5715654,Closed,currency 1,-1702,0,-1488.0,-1488.0,,0,135000.0,0.0,,0.0,Consumer credit,-1484,
335098,5715656,Active,currency 1,-448,0,282.0,,,0,292500.0,136111.5,0.0,0.0,Consumer credit,-18,
335098,5715657,Active,currency 1,-1356,0,829.0,,,0,270000.0,230301.0,0.0,0.0,Credit card,-22,
335098,5715658,Closed,currency 1,-1555,0,-459.0,-459.0,,0,752508.0,,,0.0,Consumer credit,-449,
335098,5715659,Closed,currency 1,-2028,0,,-217.0,,0,1575000.0,0.0,,0.0,Consumer credit,-216,
206782,5715660,Closed,currency 1,-825,0,-644.0,-644.0,,0,28660.5,0.0,0.0,0.0,Consumer credit,-643,
206782,5715661,Closed,currency 1,-1973,0,-1607.0,-1607.0,,0,126400.5,,,0.0,Consumer credit,-1607,
206782,5715662,Closed,currency 1,-1707,0,-1222.0,-1222.0,,0,293593.5,,,0.0,Consumer credit,-1222,
306329,5715663,Closed,currency 1,-404,0,-102.0,-102.0,,0,191565.0,0.0,0.0,0.0,Consumer credit,-97,
306329,5715664,Closed,currency 1,-405,0,-102.0,-77.0,,0,191565.0,,,0.0,Consumer credit,-70,
127759,5715666,Closed,currency 1,-558,0,1268.0,-286.0,,0,3764646.0,0.0,,0.0,Consumer credit,-285,
127759,5715667,Active,currency 1,-524,0,1302.0,,,0,1125000.0,0.0,,0.0,Consumer credit,-1,
127759,5715668,Closed,currency 1,-981,0,-673.0,-673.0,0.0,0,187029.0,,,0.0,Consumer credit,-671,
240790,5715670,Closed,currency 1,-1873,0,-49.0,-21.0,,0,509850.0,0.0,0.0,0.0,Consumer credit,-16,0.0
240790,5715671,Closed,currency 1,-1438,0,-1348.0,-1348.0,,0,22365.0,0.0,0.0,0.0,Consumer credit,-1348,0.0
240790,5715672,Closed,currency 1,-2440,0,-2306.0,-679.0,,0,17505.0,0.0,0.0,0.0,Consumer credit,-597,0.0
240790,5715673,Closed,currency 1,-1477,0,-1295.0,-1274.0,,0,35100.0,0.0,0.0,0.0,Consumer credit,-1274,0.0
138133,5715674,Closed,currency 1,-2673,0,-2125.0,-2248.0,,0,180000.0,0.0,0.0,0.0,Consumer credit,-1423,
138133,5715675,Closed,currency 1,-2505,0,-2415.0,-2415.0,,0,23917.5,,,0.0,Consumer credit,-2411,
138133,5715676,Active,currency 1,-1092,0,-909.0,,,0,225000.0,,,0.0,Credit card,-972,
138133,5715677,Closed,currency 1,-2668,0,-841.0,-888.0,0.0,0,1462950.0,,,0.0,Car loan,-875,
138133,5715678,Active,currency 1,-845,0,981.0,,0.0,0,2606850.0,1441183.5,0.0,0.0,Car loan,-15,
138133,5715679,Active,currency 1,-755,0,,,0.0,0,243000.0,22815.0,220183.74,0.0,Credit card,-15,
138133,5715680,Active,currency 1,-539,0,,,0.0,0,182250.0,0.0,182250.0,0.0,Credit card,-23,
429972,5715681,Closed,currency 1,-630,0,12793.0,-78.0,,0,135000.0,0.0,,0.0,Credit card,-11,
429972,5715682,Active,currency 1,-504,0,31054.0,,,0,157500.0,153413.82,4086.18,0.0,Credit card,-7,
429972,5715683,Active,currency 1,-85,0,462.0,,,0,299160.0,272124.765,,0.0,Consumer credit,-7,
429972,5715684,Closed,currency 1,-188,0,-127.0,-127.0,,0,182286.0,0.0,,0.0,Consumer credit,-77,
429972,5715686,Active,currency 1,-42,0,27403.0,,,0,90000.0,74938.5,,0.0,Credit card,-5,
429972,5715687,Closed,currency 1,-740,0,-132.0,-253.0,0.0,0,152932.05,0.0,0.0,0.0,Consumer credit,-252,
429972,5715688,Active,currency 1,-460,0,,,0.0,0,157500.0,153409.5,4086.18,0.0,Credit card,-16,
429972,5715689,Active,currency 1,-274,0,822.0,,0.0,0,540000.0,350163.0,0.0,0.0,Consumer credit,-29,
325662,5715691,Active,currency 1,-582,0,3228.0,,,0,360000.0,368302.5,0.0,0.0,Credit card,-5,
325662,5715692,Active,currency 1,-20,0,286.0,,0.0,0,45567.0,45567.0,0.0,0.0,Consumer credit,-19,
453027,5715694,Closed,currency 1,-1495,0,-1322.0,-1322.0,,0,97119.0,0.0,0.0,0.0,Consumer credit,-779,5895.0
453027,5715696,Closed,currency 1,-1196,0,-830.0,-664.0,,0,30888.0,0.0,0.0,0.0,Consumer credit,-643,0.0
453027,5715697,Active,currency 1,-101,0,630.0,,,0,772200.0,699061.5,,0.0,Consumer credit,-6,5895.0
453027,5715698,Closed,currency 1,-1193,0,-581.0,-581.0,0.0,0,130030.2,0.0,0.0,0.0,Consumer credit,-575,41967.0
453027,5715699,Closed,currency 1,-1144,0,,-332.0,1440.0,0,130500.0,0.0,0.0,0.0,Credit card,-228,5895.0
136270,5715700,Active,currency 1,-107,0,1727.0,,0.0,0,450000.0,401160.015,48839.985,0.0,Credit card,-6,58519.215
286870,5715701,Closed,currency 1,-2157,0,-1421.0,-1421.0,,0,59931.0,,,0.0,Consumer credit,-1413,6210.0
286870,5715702,Closed,currency 1,-875,0,-510.0,-510.0,,0,115789.5,0.0,,0.0,Consumer credit,-505,6210.0
286870,5715703,Active,currency 1,-242,0,490.0,,,0,105628.5,84181.5,,0.0,Consumer credit,-22,6210.0
120474,5715704,Closed,currency 1,-1023,0,-873.0,-873.0,,0,92596.5,0.0,0.0,0.0,Consumer credit,-869,
120474,5715705,Active,currency 1,-342,0,1043.0,,,0,180000.0,166531.5,0.0,0.0,Credit card,-41,
120474,5715706,Closed,currency 1,-1226,0,-927.0,-869.0,,0,102730.5,,,0.0,Consumer credit,-866,
120474,5715707,Closed,currency 1,-1026,0,-873.0,-813.0,,0,92596.5,,,0.0,Consumer credit,-810,
120474,5715708,Active,currency 1,-897,0,,,,0,360000.0,,,0.0,Credit card,-10,
394070,5715709,Closed,currency 1,-2147,0,-1966.0,-1966.0,,0,25335.0,0.0,0.0,0.0,Consumer credit,-681,
394070,5715710,Closed,currency 1,-56,0,-32.0,-14.0,,0,326835.0,,,0.0,Consumer credit,-7,
394070,5715711,Closed,currency 1,-2148,0,-1966.0,-1966.0,0.0,0,25335.0,0.0,0.0,0.0,Consumer credit,-681,
394070,5715712,Closed,currency 1,-831,0,-708.0,-708.0,0.0,0,24963.84,0.0,0.0,0.0,Consumer credit,-681,
394070,5715713,Closed,currency 1,-801,0,-678.0,-676.0,0.0,0,41331.735,0.0,0.0,0.0,Consumer credit,-674,
285342,5715714,Closed,currency 1,-110,0,468.0,-36.0,,0,188700.525,0.0,,0.0,Consumer credit,-33,
285342,5715715,Active,currency 1,-414,0,10464.0,,0.0,0,324000.0,,,0.0,Credit card,-133,
337758,5715716,Closed,currency 1,-2744,0,-2386.0,-2372.0,,0,34114.5,,,0.0,Consumer credit,-2372,