SK_ID_PREV,SK_ID_CURR,NUM_INSTALMENT_VERSION,NUM_INSTALMENT_NUMBER,DAYS_INSTALMENT,DAYS_ENTRY_PAYMENT,AMT_INSTALMENT,AMT_PAYMENT
1054186,161674,1.0,6,-1180.0,-1187.0,6948.36,6948.36
1330831,151639,0.0,34,-2156.0,-2156.0,1716.525,1716.525
2085231,193053,2.0,1,-63.0,-63.0,25425.0,25425.0
2452527,199697,1.0,3,-2418.0,-2426.0,24350.13,24350.13
2714724,167756,1.0,2,-1383.0,-1366.0,2165.04,2160.585
1137312,164489,1.0,12,-1384.0,-1417.0,5970.375,5970.375
2234264,184693,4.0,11,-349.0,-352.0,29432.295,29432.295
1818599,111420,2.0,4,-968.0,-994.0,17862.165,17862.165
2723183,112102,0.0,14,-197.0,-197.0,70.74,70.74
1413990,109741,1.0,4,-570.0,-609.0,14308.47,14308.47
1782554,106597,1.0,3,-933.0,-937.0,34620.525,34620.525
2558880,154793,1.0,8,-1262.0,-1269.0,15031.08,15031.08
1570206,147645,0.0,20,-761.0,-761.0,21.51,21.51
1723268,197273,1.0,14,-755.0,-800.0,6093.99,6093.99
1594684,100193,0.0,56,-1153.0,-1153.0,301.86,301.86
1456258,118323,1.0,6,-2619.0,-2619.0,4844.925,4844.925
1053286,170192,1.0,7,-500.0,-503.0,6882.84,6882.84
1410565,197687,1.0,1,-1037.0,-1048.0,12514.05,12510.45
2391610,183431,0.0,20,-1680.0,-1693.0,7875.0,7875.0
2329072,183463,1.0,11,-1699.0,-1693.0,7283.295,7283.295
1354314,196570,1.0,14,-361.0,-365.0,15219.0,15219.0
2260765,106012,3.0,23,-56.0,-59.0,13494.915,13494.915
1995642,134723,1.0,38,-1277.0,-1282.0,12949.2,12949.2
2631836,140337,0.0,116,-322.0,-322.0,560.88,560.88
2702769,102122,1.0,1,-281.0,-286.0,5178.195,5178.195
1770345,128334,1.0,5,-240.0,-255.0,10649.925,10649.925
1818333,191655,1.0,6,-345.0,-356.0,16479.27,16479.27
1991673,162903,0.0,46,-2548.0,-2561.0,5400.0,5400.0
1184783,140804,0.0,106,-155.0,-155.0,503.46,503.46
1181315,174565,1.0,7,-1894.0,-1895.0,16274.79,16274.79
1840786,175114,1.0,11,-476.0,-474.0,21179.7,21161.7
1618622,128303,1.0,5,-2807.0,-2807.0,6523.425,6523.425
1720935,176364,1.0,9,-354.0,-356.0,61192.53,61192.53
2039177,190995,1.0,5,-1145.0,-1172.0,6966.09,6966.09
2671380,111601,1.0,7,-540.0,-548.0,8109.765,8109.765
1003606,188637,0.0,105,-174.0,-174.0,110.655,110.655
2553780,161066,1.0,3,-162.0,-190.0,11529.63,11529.63
1439208,154898,1.0,20,-181.0,-185.0,8851.23,8851.23
2717177,149207,0.0,88,-1219.0,-1219.0,741.96,741.96
1133724,146582,1.0,6,-316.0,-332.0,17115.57,17115.57
2270983,159586,0.0,30,-2022.0,-2046.0,9000.0,1800.0
1640082,172575,1.0,4,-827.0,-832.0,8720.28,8720.28
1434401,173001,5.0,5,-211.0,-217.0,4802.13,4802.13
1682661,179939,1.0,9,-1852.0,-1860.0,3456.675,3456.675
2150006,191981,1.0,3,-2060.0,-2068.0,15987.96,15987.96
1644499,111587,1.0,8,-2116.0,-2101.0,3078.81,3078.81
1846594,186032,1.0,6,-810.0,-810.0,7389.09,7389.09
1895324,131465,1.0,6,-1386.0,-1379.0,3229.065,3212.865
2411245,153352,1.0,1,-2588.0,-2555.0,3294.9,650.52
1949985,157527,1.0,5,-186.0,-190.0,8533.485,8533.485
1220449,136423,1.0,16,-61.0,-89.0,34717.5,2675.745
2154310,105713,1.0,8,-198.0,-207.0,21954.6,21954.6
2726751,182114,1.0,20,-1066.0,-1091.0,10770.75,499.5
1794763,157429,1.0,1,-1448.0,-1454.0,9327.105,9327.105
2083019,172868,1.0,4,-2478.0,-2478.0,5744.61,5744.61
2632598,169863,0.0,65,-912.0,-912.0,349.83,349.83
1423667,195138,1.0,19,-255.0,-324.0,3494.835,3494.835
2565507,158267,1.0,15,-617.0,-647.0,25153.11,25153.11
2428946,147366,1.0,16,-489.0,-489.0,46177.2,46177.2
2778384,151594,0.0,57,-1823.0,-1823.0,249.03,249.03
2344606,162897,1.0,3,-1396.0,-1399.0,28407.78,28407.78
1457055,109787,1.0,10,-1165.0,-1186.0,13016.115,13016.025
2162416,197419,0.0,7,-2158.0,-2158.0,2187.27,2187.27
1669153,112468,0.0,2,-338.0,-344.0,8411.4,8411.4
1033867,166805,1.0,4,-1691.0,-1692.0,16006.545,16006.545
1492101,159413,1.0,5,-967.0,-1006.0,5075.865,5075.865
2632992,123449,1.0,1,-265.0,-293.0,77071.5,77071.5
2565007,115539,1.0,5,-1645.0,-1674.0,4805.91,4805.91
1780053,189947,1.0,5,-374.0,-373.0,22772.34,22772.34
1775456,134670,1.0,1,-981.0,-977.0,34703.82,32537.79
1873884,121871,4.0,10,-266.0,-267.0,1890.585,1890.585
1254935,138262,0.0,41,-1176.0,-1187.0,9000.0,9000.0
2379431,102345,0.0,84,-1389.0,-1396.0,8100.0,8100.0
1033100,135169,1.0,8,-2176.0,-2177.0,18478.845,18478.845
1193446,175313,1.0,5,-867.0,-868.0,35774.19,35774.19
1237335,114262,1.0,9,-2259.0,-2290.0,10492.02,10492.02
1249017,112028,0.0,41,-62.0,-62.0,1559.25,1559.25
2436675,145728,1.0,15,-380.0,-378.0,13000.5,12382.56
1306658,183774,0.0,49,-1567.0,-1570.0,9000.0,9000.0
1730720,128508,0.0,2,-822.0,-822.0,15623.955,15623.955
2740963,128715,1.0,2,-1615.0,-1618.0,8829.405,8829.405
1762261,151682,0.0,59,-45.0,-48.0,1087.245,356.805
2318810,134177,1.0,4,-37.0,-50.0,9309.105,9309.105
2558325,160486,1.0,1,-1104.0,-1109.0,19193.175,19193.175
2157839,130061,1.0,2,-832.0,-834.0,30283.29,30283.29
1875295,137353,0.0,107,-1735.0,-1747.0,10800.0,10800.0
1185174,164662,2.0,5,-1617.0,-1629.0,5616.585,5616.585
1773564,156905,1.0,7,-1234.0,-1242.0,16234.38,16234.38
1915769,138380,1.0,17,-1067.0,-1060.0,16729.155,15592.365
2159358,128066,1.0,6,-2869.0,-2869.0,2978.145,2978.145
1362611,196368,1.0,3,-932.0,-949.0,6412.005,6412.005
1621283,180619,1.0,12,-2547.0,-2551.0,3118.77,3118.77
1736834,181129,1.0,3,-2589.0,-2589.0,9829.53,9829.53
2623487,174960,1.0,10,-976.0,-972.0,11463.975,11445.75
1850125,106619,0.0,59,-2599.0,-2599.0,727.875,727.875
2269581,141541,0.0,94,-695.0,-695.0,406.8,406.8
2645533,116025,1.0,7,-873.0,-894.0,8883.945,8883.945
2229715,168387,1.0,11,-1299.0,-1298.0,3020.49,3020.49
2664388,166612,1.0,5,-2196.0,-2207.0,11524.815,11524.815
2127195,110953,1.0,8,-1291.0,-1284.0,54752.85,54459.675
2270722,138158,1.0,4,-287.0,-283.0,35941.995,27000.0
1311693,172306,3.0,15,-449.0,-451.0,29500.38,29500.38
1237727,120609,1.0,17,-177.0,-182.0,6371.235,6371.235
2563249,178953,0.0,64,-502.0,-502.0,494.55,494.55
1552493,198539,2.0,1,-698.0,-713.0,2292736.86,2292736.86
1991612,195100,0.0,28,-373.0,-373.0,758.79,758.79
1896441,147040,2.0,24,-174.0,-177.0,9641.025,9641.025
1281940,176194,2.0,10,-1934.0,-1961.0,10352.52,10352.52
1238613,173633,1.0,14,-128.0,-140.0,44214.255,44214.255
2469644,176283,1.0,3,-717.0,-725.0,24318.18,24318.18
1100291,138431,0.0,140,-216.0,-242.0,2250.0,2250.0
1905590,153087,1.0,1,-2301.0,-2331.0,5175.72,27.36
2776579,101266,1.0,5,-1438.0,-1441.0,14780.43,14780.43
2105178,121798,1.0,17,-2221.0,-2240.0,3255.795,3255.795
1640290,180836,0.0,12,-2701.0,-2712.0,4500.0,4500.0
1249024,183672,1.0,3,-651.0,-652.0,38224.485,38224.485
1160209,128830,2.0,5,-846.0,-862.0,5595.975,5595.975
1604831,160757,1.0,2,-2690.0,-2693.0,7569.81,7569.81
2075235,152976,0.0,43,-1605.0,-1619.0,6750.0,6750.0
1497482,142953,1.0,9,-1013.0,-1025.0,15865.695,15865.695
1766463,167499,0.0,99,-1154.0,-1152.0,13500.0,13500.0
1101325,126538,1.0,3,-83.0,-108.0,24373.665,24373.665
1216639,118826,1.0,1,-1745.0,-1744.0,12044.34,12044.34
1430251,158985,1.0,7,-1337.0,-1345.0,9830.475,9830.475
1626717,109617,1.0,4,-460.0,-459.0,10245.6,10245.6
2585465,165600,2.0,7,-494.0,-510.0,63594.765,63594.765
2016447,161719,0.0,69,-968.0,-968.0,170.595,170.595
1087480,147792,1.0,13,-388.0,-419.0,8561.025,5267.7
2102838,104584,2.0,2,-1216.0,-1224.0,157159.8,157159.8
1481462,175228,1.0,7,-2453.0,-2453.0,4662.81,4662.81
1496271,112436,1.0,1,-201.0,-207.0,16012.035,32400.0
1496271,112436,2.0,1,-201.0,-207.0,16387.965,32400.0
2290715,181349,0.0,22,-772.0,-772.0,156.78,156.78
2105136,100605,1.0,9,-65.0,-80.0,7679.43,7679.43
2607596,154140,1.0,8,-18.0,-27.0,8589.24,8589.24
2052386,159896,1.0,8,-333.0,-330.0,4578.975,4045.365
1835377,134812,0.0,85,-927.0,-927.0,511.605,511.605
1471486,178166,1.0,6,-590.0,-592.0,34236.63,34236.63
2116565,127348,1.0,6,-502.0,-502.0,13845.24,13845.24
2833952,136335,0.0,24,-97.0,-97.0,907.29,907.29
1635861,178006,0.0,29,-2783.0,-2788.0,8100.0,8100.0
1589437,163385,0.0,83,-1495.0,-1495.0,3375.0,3375.0
1051816,146042,1.0,11,-2036.0,-2041.0,3521.115,3521.115
2560638,120335,1.0,5,-483.0,-498.0,3729.825,3729.825
1081233,114724,0.0,14,-245.0,-245.0,2250.0,2250.0
2005030,179147,1.0,9,-969.0,-992.0,10342.89,10342.89
1651861,105662,1.0,1,-2144.0,-2154.0,4107.825,4107.825
1030740,141698,0.0,73,-1456.0,-1456.0,126.0,126.0
2793472,104290,1.0,5,-1624.0,-1633.0,9536.535,9536.535
1874440,139061,1.0,6,-850.0,-871.0,22778.64,22778.64
2365976,191813,0.0,139,-349.0,-349.0,302.265,302.265
2727931,101343,2.0,15,-980.0,-980.0,18889.065,18889.065
1411124,157101,0.0,39,-653.0,-651.0,21570.39,21570.39
1621918,197902,1.0,18,-21.0,-17.0,23772.105,23616.54
1135565,146585,1.0,3,-1272.0,-1278.0,6769.17,6769.17
2396015,180996,1.0,8,-622.0,-633.0,18859.995,18859.995
2242088,102807,1.0,1,-2587.0,-2587.0,6198.12,6198.12
1717785,167275,0.0,26,-2316.0,-2317.0,9000.0,9000.0
1955739,146254,1.0,13,-449.0,-452.0,34767.495,34767.495
2027498,121455,0.0,25,-2693.0,-2693.0,145.08,145.08
2208756,188441,1.0,1,-542.0,-566.0,14379.48,14379.48
2366676,146303,1.0,4,-1633.0,-1641.0,22373.325,22373.325
2741795,151212,1.0,8,-2701.0,-2697.0,5480.955,5111.91
2244660,128659,1.0,2,-656.0,-671.0,14822.46,14822.46
1012266,133628,1.0,11,-320.0,-323.0,13315.41,13315.41
2263433,185101,1.0,8,-2439.0,-2450.0,7171.245,7171.245
2229568,186428,1.0,1,-435.0,-447.0,16643.655,16643.655
1319950,167679,1.0,9,-466.0,-474.0,18601.785,18601.785
2487130,154175,1.0,6,-1846.0,-1846.0,8047.845,8047.845
1000949,120682,1.0,8,-26.0,-62.0,2718.225,2718.225
1333199,147762,0.0,21,-2487.0,-2487.0,1125.0,1125.0
1176177,105439,0.0,44,-1755.0,-1755.0,4500.0,4500.0
1701586,199542,1.0,1,-124.0,-138.0,12264.93,12264.93
1548161,197577,1.0,7,-1295.0,-1294.0,5011.02,5011.02
2819405,137203,0.0,49,-1654.0,-1654.0,320.85,320.85
2495195,168231,1.0,9,-828.0,-828.0,32937.255,32937.255
2677589,198796,1.0,12,-1528.0,-1529.0,8928.54,8928.54
1451494,114363,1.0,9,-362.0,-371.0,10498.68,10498.68
1026624,100736,0.0,38,-1878.0,-1878.0,5625.0,5625.0
1131134,147849,3.0,26,-34.0,-35.0,421570.845,421570.845
1406685,125183,1.0,8,-2687.0,-2696.0,16608.6,16608.6
2428866,180879,7.0,5,-41.0,-46.0,28456.335,36000.0
2428866,180879,8.0,5,-41.0,-46.0,7543.665,36000.0
2584349,145462,0.0,34,-757.0,-757.0,12375.0,12375.0
2507992,112626,1.0,3,-338.0,-339.0,21928.5,21928.5
1406298,156441,0.0,30,-573.0,-573.0,2.16,2.16
2557505,113995,1.0,10,-100.0,-101.0,16632.405,16632.405
1592183,113150,1.0,27,-873.0,-883.0,11023.515,1604.25
1890659,110346,1.0,5,-1567.0,-1601.0,3042.0,3042.0
1330750,186389,1.0,10,-2571.0,-2571.0,2084.85,2084.85
1639096,179579,1.0,5,-323.0,-324.0,12264.525,12264.525
2801393,199660,0.0,23,-2303.0,-2310.0,9000.0,9000.0
2661512,199778,1.0,3,-725.0,-743.0,7181.685,7181.685
1642436,135562,1.0,6,-572.0,-588.0,9130.545,9130.545
2090250,176215,7.0,10,-378.0,-405.0,18297.36,18297.36
2309672,131401,1.0,3,-1474.0,-1484.0,11443.455,11443.455
1541652,103321,1.0,9,-862.0,-892.0,10794.24,10794.24
2208015,185137,1.0,11,-787.0,-804.0,10857.375,10857.375
1686577,198644,1.0,18,-87.0,-316.0,4905.36,4905.36
2687649,146102,0.0,31,-705.0,-705.0,94275.0,94275.0
2766113,133752,1.0,8,-222.0,-232.0,5217.39,5217.39
1262922,142061,0.0,37,-2219.0,-2230.0,3375.0,3375.0
1879913,117823,0.0,63,-1015.0,-1015.0,19800.0,19800.0
1666460,176059,0.0,45,-1941.0,-1958.0,6750.0,6750.0
1544138,103497,2.0,8,-2388.0,-2404.0,10303.56,10303.56
1162532,148419,1.0,2,-1485.0,-1494.0,6552.225,6552.225
1056824,121174,1.0,4,-2416.0,-2490.0,11109.87,11109.87
2727939,121120,1.0,5,-942.0,-956.0,34848.0,34848.0
2480304,100012,3.0,4,-387.0,-428.0,5242.86,5242.86
1041832,152388,1.0,11,-1375.0,-1378.0,22055.49,22055.49
1599641,120866,1.0,2,-351.0,-383.0,22728.015,22728.015
2214136,113239,1.0,11,-280.0,-295.0,10321.38,10321.38
1106703,177704,0.0,9,-225.0,-225.0,0.225,0.225
1221609,101260,1.0,2,-1417.0,-1425.0,6539.805,6539.805
2605900,142443,1.0,3,-2466.0,-2459.0,7381.8,1.8
2774152,138788,1.0,10,-244.0,-268.0,11629.53,11629.53
2465168,110479,1.0,2,-2410.0,-2413.0,11844.36,11844.36
1621235,192900,1.0,9,-324.0,-308.0,14544.72,13749.705
2476771,167428,0.0,78,-609.0,-609.0,233.01,233.01
1761911,169117,0.0,6,-578.0,-578.0,37388.88,37388.88
1076316,186143,1.0,6,-924.0,-964.0,7009.245,2128.59
1776446,183428,0.0,46,-1786.0,-1786.0,1125.0,1125.0
2299665,104873,0.0,27,-705.0,-702.0,7063.38,7063.38
2447808,198982,1.0,9,-444.0,-475.0,41660.145,1659.42
2350280,171992,3.0,6,-194.0,-221.0,27699.39,27699.39
2716493,182941,1.0,9,-482.0,-512.0,10155.195,7428.24
2798063,122063,1.0,6,-1612.0,-1624.0,3506.985,3506.985
1136481,155253,1.0,2,-1186.0,-1232.0,16149.6,16149.6
1141609,140197,0.0,53,-304.0,-304.0,1559.025,1559.025
2414346,134516,1.0,16,-864.0,-860.0,47484.0,46836.0
1783322,105771,1.0,22,-122.0,-142.0,35613.0,35613.0
2773452,189771,0.0,11,-952.0,-952.0,1288.305,1288.305
2137328,189004,0.0,25,-2400.0,-2406.0,4500.0,4500.0
1150847,152236,0.0,92,-1284.0,-1285.0,10800.0,10800.0
2467030,196058,0.0,53,-208.0,-223.0,19542.375,19542.375
1717146,112755,1.0,17,-1535.0,-1532.0,16389.045,16339.905
2697902,182744,1.0,10,-625.0,-631.0,7136.37,7136.37
1972827,114326,0.0,49,-62.0,-62.0,540.18,540.18
1976594,197363,0.0,6,-678.0,-678.0,2137.815,2137.815
2538339,194185,1.0,9,-501.0,-517.0,10685.25,10685.25
1876811,149739,1.0,1,-2238.0,-2249.0,12088.8,12088.8
2090335,102686,0.0,19,-211.0,-211.0,15228.72,15228.72
1745270,112429,1.0,1,-698.0,-707.0,28786.5,28786.5
2366429,171874,0.0,30,-2174.0,-2181.0,4500.0,4500.0
1746279,192359,0.0,99,-263.0,-282.0,6365.205,6365.205
2509211,171619,2.0,8,-1853.0,-1854.0,37488.465,37488.465
2363983,143712,1.0,3,-2513.0,-2525.0,5489.325,5489.325
2498809,172333,1.0,6,-1276.0,-1276.0,11354.49,11354.49
1599398,109768,1.0,11,-513.0,-516.0,27187.02,27187.02
1607464,198155,2.0,6,-1192.0,-1198.0,14899.95,14899.95
2657283,196357,1.0,11,-839.0,-870.0,14877.18,92.79
2045853,159605,1.0,9,-503.0,-519.0,34271.685,34271.685
2059172,154417,3.0,5,-1174.0,-1186.0,104590.665,104590.665
1313044,183823,1.0,19,-990.0,-992.0,9573.57,9573.57
2270174,168343,1.0,2,-2548.0,-2548.0,6059.16,6059.16
1208000,174918,3.0,3,-345.0,-349.0,16367.355,16367.355
1388965,144544,2.0,5,-530.0,-545.0,44048.43,44048.43
2261291,101813,0.0,112,-204.0,-204.0,351.0,351.0
1255079,102430,1.0,3,-272.0,-288.0,58010.715,58010.715
1885015,166969,1.0,14,-1652.0,-1677.0,13494.6,13494.6
1519693,160256,0.0,57,-327.0,-327.0,213.075,213.075
2557797,186561,1.0,18,-1126.0,-1133.0,3326.355,3326.355
1916643,101442,1.0,10,-1924.0,-1954.0,17717.4,32.4
1254935,138262,0.0,36,-1329.0,-1346.0,9000.0,9000.0
2290948,130964,2.0,4,-1707.0,-1724.0,14280.615,14280.615
1266144,148925,1.0,4,-687.0,-686.0,16973.55,16973.55
2570079,179323,1.0,4,-2735.0,-2735.0,2380.275,2380.275
1354926,176558,0.0,93,-372.0,-391.0,11250.0,11250.0
1453010,142160,1.0,2,-2003.0,-2038.0,9196.56,9196.56
1383033,137134,1.0,6,-1342.0,-1344.0,22883.355,22883.355
1100553,142523,0.0,22,-129.0,-129.0,1.485,1.485
2502804,193383,1.0,5,-2367.0,-2373.0,8252.685,8252.685
1927812,198243,1.0,3,-2467.0,-2477.0,2149.965,2149.965
1999342,121148,1.0,1,-1051.0,-1049.0,20416.635,9587.835
1875295,137353,0.0,114,-1643.0,-1673.0,2808.36,2808.36
1332340,133557,1.0,3,-2107.0,-2133.0,8137.395,8.505
1291918,112903,0.0,58,-1464.0,-1464.0,350.01,350.01
1175969,193467,1.0,3,-891.0,-912.0,12481.56,12481.56
1549613,140676,1.0,9,-643.0,-651.0,10680.3,10680.3
2641556,158489,1.0,11,-1134.0,-1146.0,7105.5,7105.5
1636501,135581,0.0,31,-363.0,-363.0,415.17,415.17
2166564,127125,1.0,6,-1288.0,-1289.0,12118.5,12118.5
2561611,177451,1.0,4,-735.0,-742.0,44410.545,44410.545
2670873,199660,1.0,4,-2155.0,-2157.0,10073.97,10073.97
1857312,118321,1.0,3,-2219.0,-2232.0,3482.91,3482.91
2713867,182688,1.0,1,-2652.0,-2652.0,13636.35,13636.35
1389564,104535,1.0,9,-1070.0,-1078.0,19995.48,19995.48
2077569,197435,1.0,1,-1036.0,-1066.0,44992.98,44992.98
1332637,148881,0.0,4,-973.0,-975.0,5227.56,5227.56
1057746,142516,1.0,5,-173.0,-190.0,8903.43,8903.43
1978575,175248,1.0,9,-849.0,-851.0,17620.38,17620.38
1978440,187711,1.0,2,-295.0,-299.0,15216.255,15216.255
2116684,159083,0.0,59,-1171.0,-1171.0,387.27,387.27
2836198,131082,1.0,2,-737.0,-742.0,74281.41,74281.41
1034689,148810,1.0,11,-1041.0,-1040.0,23363.775,23363.775
1438761,181394,1.0,11,-119.0,-121.0,4712.49,4712.49
1514884,133602,1.0,6,-1726.0,-1734.0,4019.76,4019.76
2565433,175832,0.0,59,-274.0,-284.0,23273.82,23273.82
2568096,102845,0.0,12,-309.0,-309.0,17305.83,17305.83
1905590,153087,1.0,7,-2121.0,-2130.0,5175.72,5175.72
2109834,103383,3.0,9,-500.0,-505.0,29253.87,29253.87
2222178,109157,1.0,7,-1919.0,-1955.0,3985.47,3985.47
1973095,143575,0.0,32,-113.0,-113.0,1848.24,1848.24
1574081,119672,0.0,41,-304.0,-309.0,2250.0,2250.0
1500483,174182,1.0,4,-1976.0,-1995.0,15547.995,15547.995
2066085,190737,1.0,1,-617.0,-621.0,24835.5,24835.5
2745338,121231,0.0,22,-1753.0,-1742.0,6750.0,6750.0
1162596,155049,1.0,16,-416.0,-418.0,62888.085,62888.085
1766667,128078,1.0,5,-426.0,-439.0,23507.955,23507.955
2016487,153977,1.0,7,-1329.0,-1342.0,5981.13,5981.13
2726865,174076,0.0,24,-462.0,-462.0,161.37,161.37
1743396,163817,0.0,116,-25.0,-25.0,512.145,512.145
2813094,175035,0.0,41,-1528.0,-1528.0,134.1,134.1
1235217,123247,1.0,4,-720.0,-722.0,27869.13,27869.13
2737164,160133,1.0,12,-2486.0,-2509.0,25530.795,28.575
2063156,121418,1.0,6,-1456.0,-1469.0,2509.605,2509.605
2540095,149897,0.0,15,-2607.0,-2607.0,11250.0,11250.0
2006996,109852,1.0,7,-1138.0,-1149.0,9030.645,9030.645
1693799,130797,1.0,9,-420.0,-418.0,12615.93,6433.2
1874175,104878,0.0,20,-28.0,-28.0,3005.28,3005.28
1535195,193397,1.0,1,-395.0,-398.0,23055.75,23055.75
2704399,151291,1.0,8,-541.0,-543.0,5707.125,5707.125
1660876,171375,1.0,8,-264.0,-276.0,22978.89,22978.89
1748954,180042,1.0,14,-1354.0,-1352.0,12734.19,12699.045
2018248,113954,0.0,67,-954.0,-959.0,5625.0,5625.0
2683680,118722,1.0,1,-345.0,-364.0,8217.045,8217.045
1767926,122153,1.0,4,-2718.0,-2723.0,5988.915,5988.915
1671566,111686,1.0,7,-2210.0,-2204.0,11772.315,11105.505
1414211,126950,1.0,3,-927.0,-938.0,20285.505,20285.505
2486080,181980,0.0,47,-1020.0,-1047.0,1.8,1.8
2006264,159023,1.0,4,-441.0,-435.0,43380.09,270.36
1754804,193466,1.0,9,-2528.0,-2518.0,11061.0,11061.0
1936679,175051,0.0,68,-2159.0,-2159.0,1170.0,1170.0
1856659,132674,1.0,1,-681.0,-689.0,18824.715,18824.715
2464677,115152,0.0,11,-54.0,-59.0,2380.41,2380.41
1233812,160016,0.0,4,-230.0,-230.0,176.04,176.04
1107964,146740,0.0,12,-67.0,-67.0,294.57,294.57
1861384,116406,3.0,40,-68.0,-70.0,20164.95,20164.95
2604986,152911,1.0,3,-457.0,-458.0,6536.34,6536.34
1875439,180406,3.0,8,-441.0,-451.0,17998.2,17998.2
1330804,189534,0.0,38,-1650.0,-1650.0,1125.0,1125.0
2567716,166868,0.0,36,-1449.0,-1449.0,5625.0,5625.0
1898097,107053,1.0,2,-1943.0,-1964.0,5175.54,5175.54
1985604,120621,1.0,6,-1274.0,-1296.0,29714.58,29714.58
1604297,145318,1.0,7,-1175.0,-1181.0,9217.035,9217.035
2079863,169043,0.0,81,-805.0,-805.0,428.715,428.715
1566390,101927,1.0,12,-627.0,-627.0,2032.515,2032.515
2137863,121809,1.0,2,-604.0,-607.0,44964.0,44964.0
1369806,174945,1.0,2,-2368.0,-2390.0,2931.75,2931.75
2794271,139278,0.0,61,-2047.0,-2047.0,2535.66,2535.66
2349615,105229,1.0,6,-78.0,-91.0,22501.35,22501.35
2762797,126519,0.0,6,-447.0,-450.0,2250.0,2250.0
2747737,114162,0.0,30,-117.0,-122.0,14941.17,14941.17
1183595,144701,1.0,2,-1117.0,-1148.0,9063.81,9063.81
2414801,156045,0.0,16,-724.0,-724.0,9.45,9.45
1160640,193006,0.0,117,-688.0,-688.0,973.8,973.8
1121686,148291,1.0,3,-2376.0,-2376.0,4921.245,4921.245
2031933,183465,2.0,4,-34.0,-80.0,9291.105,9291.105
1774832,114631,1.0,7,-1515.0,-1522.0,23965.83,23965.83
2413506,162893,1.0,9,-1134.0,-1149.0,8677.62,8677.62
2715881,124670,3.0,4,-564.0,-572.0,7972.425,49500.0
2715881,124670,4.0,4,-564.0,-572.0,41527.575,49500.0
2148582,181582,0.0,60,-147.0,-147.0,1558.35,1558.35
1344937,189128,1.0,1,-1289.0,-1298.0,14733.765,14733.765
1092159,115043,1.0,13,-2277.0,-2276.0,2639.475,2639.475
2165459,119551,3.0,6,-8.0,-15.0,10786.5,10786.5
1609673,101254,1.0,9,-1804.0,-1805.0,3546.945,3546.945
1634574,127631,1.0,1,-530.0,-553.0,12687.48,12687.48
1517132,143908,1.0,11,-481.0,-508.0,9538.74,957.6
2294213,110423,1.0,4,-1462.0,-1474.0,20527.56,20527.56
1386377,121001,0.0,75,-625.0,-625.0,1412.01,1412.01
2224496,187537,1.0,8,-1351.0,-1364.0,4989.51,4989.51
2458681,197801,1.0,11,-1100.0,-1131.0,15030.585,15030.585
1435878,119654,1.0,11,-317.0,-329.0,16164.99,16164.99
1322789,138137,1.0,2,-1234.0,-1248.0,43258.815,43258.815
2172704,113866,2.0,10,-118.0,-120.0,24172.65,24172.65
1466107,117560,2.0,21,-1051.0,-1078.0,19286.955,3.735
1061005,106266,1.0,3,-6.0,-6.0,3826.89,3826.89
1211601,162660,1.0,9,-258.0,-269.0,12750.75,12750.75
1420001,158167,0.0,149,-879.0,-909.0,2279.61,2279.61
2605557,196194,0.0,45,-668.0,-672.0,7751.79,7751.79
1639463,112766,1.0,10,-2835.0,-2828.0,6197.49,6197.49
1056669,147555,1.0,10,-2498.0,-2515.0,2416.365,2416.365
2458779,189249,1.0,5,-1001.0,-1004.0,13232.61,13232.61
2570082,125950,1.0,13,-488.0,-489.0,52156.665,52156.665
1216917,111045,0.0,22,-2837.0,-2837.0,421.605,421.605
2559871,168867,0.0,35,-355.0,-370.0,10689.93,10689.93
1413592,193876,1.0,12,-1853.0,-1862.0,10332.18,10332.18
1294178,197498,0.0,17,-201.0,-208.0,2250.0,2250.0
2450349,114268,1.0,2,-2847.0,-2847.0,7455.51,7455.51
2178493,127079,1.0,9,-802.0,-800.0,16797.645,16781.805
2150419,148475,1.0,6,-326.0,-332.0,7128.135,7128.135
1430384,194400,0.0,30,-227.0,-227.0,2.52,2.52
2180748,157451,1.0,7,-477.0,-478.0,25416.135,25416.135
1229561,152479,1.0,8,-2767.0,-2767.0,9814.5,9814.5
1307918,131426,1.0,5,-373.0,-364.0,10481.04,10195.2
2755305,108771,0.0,45,-2008.0,-2008.0,577.89,577.89
1076286,178299,1.0,3,-355.0,-357.0,10629.72,10629.72
1045541,128106,1.0,18,-467.0,-498.0,10652.625,10652.625
2824301,171107,1.0,5,-2588.0,-2591.0,3980.115,3980.115
1899638,147311,1.0,2,-874.0,-873.0,18071.145,18071.145
1776444,125426,0.0,114,-268.0,-268.0,133.74,133.74
2473182,117942,1.0,1,-2220.0,-2230.0,2910.87,2910.87
2427987,174154,1.0,1,-2340.0,-2351.0,8076.24,8076.24
1776446,183428,0.0,73,-1304.0,-1304.0,3375.0,3375.0
1919123,177262,1.0,7,-2124.0,-2125.0,3390.345,3390.345
1396421,126425,1.0,10,-893.0,-907.0,28113.075,1475.325
1887529,155803,1.0,6,-2733.0,-2731.0,8518.86,8493.66
2142964,185934,1.0,4,-976.0,-991.0,19054.35,19054.35
1969332,102965,1.0,3,-94.0,-110.0,6196.95,6196.95
1562523,115553,0.0,59,-1118.0,-1130.0,7875.0,7875.0
1226769,148562,1.0,1,-2409.0,-2419.0,6926.805,6926.805
2057044,108921,0.0,8,-175.0,-183.0,6145.875,6145.875
1003606,188637,0.0,67,-1329.0,-1329.0,110.655,110.655
1283700,125328,1.0,7,-849.0,-843.0,25804.8,10350.0
1668792,131472,1.0,3,-1680.0,-1682.0,6899.805,6899.805
1306145,120731,1.0,1,-221.0,-225.0,17269.83,17269.83
1760589,129136,1.0,8,-412.0,-430.0,14325.48,14325.48
2105069,160499,0.0,48,-1950.0,-1950.0,1125.0,1125.0
1437162,100299,1.0,2,-2323.0,-2293.0,15737.985,0.045
2661025,161344,1.0,7,-873.0,-877.0,13174.695,13174.695
2043739,180857,1.0,11,-434.0,-439.0,11494.125,11494.125
1815604,198365,1.0,6,-119.0,-154.0,30208.365,30208.365
1160294,131729,1.0,5,-295.0,-312.0,45227.565,45227.565
1469312,158946,0.0,82,-575.0,-575.0,32.805,32.805
2396615,185697,1.0,15,-262.0,-271.0,8178.255,8178.255
2082594,110096,1.0,1,-2674.0,-2674.0,3953.61,3953.61
1276774,160888,0.0,21,-2369.0,-2349.0,6750.0,3375.0
2574984,133306,0.0,20,-2604.0,-2604.0,611.415,611.415
1285649,192755,0.0,27,-27.0,-37.0,2515.635,2515.635
1171515,122382,1.0,1,-515.0,-525.0,44698.68,44698.68
1209499,133315,1.0,18,-375.0,-378.0,6430.365,6430.365
2640883,128871,0.0,79,-510.0,-510.0,44.1,44.1
1687419,129998,0.0,78,-1900.0,-1905.0,4050.0,4050.0
1027471,179791,1.0,8,-11.0,-11.0,6667.605,6667.605
1562018,102401,0.0,68,-1272.0,-1275.0,4500.0,4500.0
1562018,102401,0.0,71,-1250.0,-1250.0,450.0,450.0
2307390,162675,3.0,2,-581.0,-592.0,3141.045,3141.045
2078079,127195,0.0,14,-1151.0,-1151.0,103.59,103.59
2778384,151594,0.0,37,-2430.0,-2430.0,249.03,249.03
2270862,145261,1.0,24,-219.0,-227.0,8999.46,8999.46
1880116,104181,0.0,34,-162.0,-162.0,509.985,509.985
1918950,199875,1.0,8,-328.0,-335.0,13420.08,13420.08
1509469,131846,1.0,5,-311.0,-322.0,1359.99,1359.99
1698249,137754,1.0,4,-2199.0,-2217.0,4759.785,4759.785
2528722,160308,0.0,21,-29.0,-29.0,99.27,99.27
1461771,144352,1.0,11,-547.0,-547.0,24092.775,24092.775
2056851,187120,1.0,7,-58.0,-63.0,8888.445,8888.445
1919778,167544,2.0,4,-1684.0,-1693.0,20631.465,20631.465
1382153,152185,1.0,10,-2735.0,-2758.0,5118.57,5118.57
2322999,107827,1.0,1,-863.0,-891.0,20865.15,20865.15
2714872,157134,1.0,1,-2511.0,-2530.0,2890.71,2890.71
1007502,144339,0.0,24,-2693.0,-2693.0,815.13,815.13
2070700,171670,0.0,30,-819.0,-819.0,814.815,814.815
1376802,104523,0.0,13,-387.0,-387.0,0.225,0.225
1368108,173035,1.0,4,-1288.0,-1310.0,3126.42,3126.42
2028618,153251,0.0,16,-279.0,-279.0,981.585,981.585
2517544,183540,2.0,15,-1274.0,-1281.0,90982.035,90982.035
2126371,110125,1.0,6,-153.0,-162.0,9279.405,9279.405
2388615,111650,3.0,6,-160.0,-161.0,10498.14,10498.14
2508527,151650,1.0,16,-2005.0,-2017.0,27882.765,27882.765
1711809,195712,0.0,114,-1369.0,-1369.0,183.015,183.015
1905740,167562,1.0,29,-1782.0,-1769.0,21770.64,21139.56
2588967,193145,1.0,6,-1388.0,-1387.0,4488.3,4488.3
1787560,111112,1.0,3,-593.0,-595.0,27813.825,27813.825
1640481,165572,1.0,2,-2107.0,-2147.0,4596.615,4596.615
2715870,161740,1.0,9,-468.0,-483.0,51818.94,51818.94
2040162,199228,1.0,1,-581.0,-588.0,14202.36,14202.36
1369281,107753,1.0,9,-1701.0,-1687.0,5626.71,5406.39
1881048,194322,1.0,4,-1246.0,-1260.0,13030.83,13030.83
1836015,130712,0.0,3,-430.0,-446.0,9337.14,4500.0
1128516,106688,1.0,9,-888.0,-898.0,17961.075,17961.075
1111284,180835,1.0,16,-2172.0,-2183.0,13524.885,13524.885
2588712,178792,0.0,10,-1268.0,-1268.0,2238.615,2238.615
1466275,111588,1.0,8,-559.0,-559.0,12301.965,12301.965
2157785,167732,1.0,4,-1897.0,-1899.0,14214.51,14214.51
2323485,186909,1.0,8,-1926.0,-1956.0,3716.055,3716.055
2174069,189814,1.0,6,-2782.0,-2782.0,17836.2,17836.2
1743162,100500,1.0,11,-609.0,-620.0,6213.78,6213.78
1811490,140217,2.0,3,-241.0,-267.0,45049.41,45049.41
2578286,100736,1.0,9,-1178.0,-1264.0,21231.135,21231.135
1446947,149093,1.0,9,-254.0,-265.0,17466.255,17466.255
1618822,129283,1.0,17,-861.0,-853.0,4460.355,4372.785
1693733,168754,1.0,18,-786.0,-785.0,31309.74,31309.74
2789095,151376,0.0,30,-796.0,-796.0,504.0,504.0
1464369,163675,0.0,73,-1112.0,-1112.0,491.31,491.31
2843090,102004,0.0,21,-2714.0,-2730.0,3375.0,3375.0
2552287,188005,1.0,5,-1579.0,-1597.0,6146.325,6093.45
1915047,199785,1.0,7,-165.0,-171.0,10310.715,10310.715
1027053,195783,1.0,1,-299.0,-329.0,25540.38,25540.38
1531613,102806,1.0,8,-1275.0,-1281.0,5252.535,5252.535
1087392,120864,1.0,1,-1144.0,-1150.0,15170.85,15170.85
2347952,143952,1.0,1,-2456.0,-2466.0,3745.89,3745.89
1057623,157294,1.0,9,-541.0,-571.0,3604.455,3604.455
1467668,125500,1.0,10,-336.0,-361.0,9831.015,9831.015
2231224,165772,1.0,15,-226.0,-226.0,52788.78,52788.78
2262993,188651,1.0,6,-1236.0,-1247.0,15848.28,15848.28
1137617,138284,1.0,5,-206.0,-212.0,5843.7,5843.7
2446539,187549,0.0,22,-1958.0,-1975.0,5625.0,5625.0
1243094,133229,0.0,22,-688.0,-688.0,81044.595,81044.595
1239635,130416,1.0,5,-518.0,-518.0,12157.2,12157.2
1067676,185239,2.0,2,-107.0,-121.0,464369.04,464369.04
2281150,126985,0.0,41,-1912.0,-1938.0,9000.0,9000.0
1054042,166782,0.0,13,-228.0,-228.0,26.1,26.1
2136321,105517,0.0,11,-1924.0,-1931.0,6750.0,6750.0
1531713,108935,1.0,1,-1509.0,-1537.0,7139.655,7139.655
1459635,170929,1.0,2,-1676.0,-1679.0,5521.14,5521.14
1171427,162085,1.0,2,-904.0,-935.0,3221.82,3221.82
1595032,185721,1.0,4,-2203.0,-2212.0,10332.18,10332.18
2154290,197430,0.0,51,-965.0,-965.0,6718.995,6718.995
1766003,198351,1.0,4,-582.0,-586.0,19108.98,19108.98
2673507,158970,1.0,5,-2372.0,-2344.0,15710.625,541.215
1574081,119672,0.0,48,-191.0,-191.0,36000.0,36000.0
2773138,142251,1.0,12,-2199.0,-2203.0,10277.19,10277.19
1241722,147853,1.0,10,-2268.0,-2275.0,4642.11,4642.11
2712074,121229,1.0,16,-55.0,-70.0,14656.59,14656.59
2713005,122198,1.0,2,-1962.0,-1969.0,13170.465,13170.465
2203684,148012,1.0,3,-1793.0,-1813.0,4346.91,4346.91
1263649,155329,2.0,6,-920.0,-929.0,137281.545,137281.545
1189905,175768,0.0,25,-298.0,-299.0,18662.22,15750.0
1622879,139779,1.0,2,-2538.0,-2527.0,2071.71,43.875
1572308,136526,0.0,20,-1942.0,-1967.0,9000.0,9000.0
2024617,129964,1.0,5,-166.0,-180.0,11002.95,11002.95
2617849,179559,0.0,37,-1995.0,-2002.0,3375.0,3375.0
1359890,136619,0.0,59,-1779.0,-1785.0,7875.0,7875.0
1430396,165423,0.0,72,-659.0,-665.0,13500.0,13500.0
1431145,121971,0.0,80,-875.0,-875.0,197.19,197.19
1210106,182682,0.0,40,-1708.0,-1711.0,4500.0,4500.0
2621984,146636,0.0,16,-27.0,-27.0,31.5,31.5
1793030,174736,0.0,19,-622.0,-622.0,6456.555,6456.555
1339098,113394,1.0,8,-27.0,-36.0,13494.465,13494.465
2806174,113462,1.0,1,-201.0,-212.0,29180.43,29180.43
1638831,103130,1.0,5,-1220.0,-1247.0,8944.92,8944.92
1628636,161366,1.0,5,-844.0,-845.0,3116.52,3116.52
1234280,195360,1.0,3,-1923.0,-1939.0,21592.8,21592.8
1541175,108083,1.0,3,-1062.0,-1063.0,7379.145,7379.145
1267115,177490,0.0,44,-22.0,-22.0,1.575,1.575
1987286,159378,1.0,11,-594.0,-597.0,7677.585,7677.585
2204094,102617,1.0,5,-960.0,-943.0,10920.96,116.01
2574354,182384,1.0,6,-2581.0,-2584.0,42032.295,41868.45
1135672,129858,3.0,27,-104.0,-104.0,23979.06,23979.06
1111392,161353,1.0,6,-265.0,-271.0,19643.535,19643.535
2833829,198013,1.0,6,-1582.0,-1588.0,27083.79,27083.79
2394566,122714,1.0,9,-9.0,-9.0,7360.02,7360.02
1162588,156897,0.0,27,-653.0,-653.0,375.975,375.975
1561469,166292,1.0,3,-2548.0,-2569.0,4678.515,4678.515
1675391,188417,1.0,7,-1513.0,-1543.0,4288.05,4288.05
1285759,116102,2.0,20,-58.0,-61.0,19291.32,19291.32
1816303,134909,1.0,12,-1260.0,-1269.0,38263.5,38263.5
2504732,189405,3.0,11,-772.0,-783.0,11674.08,11674.08
2468706,182353,1.0,3,-1857.0,-1862.0,5424.93,5424.93
2775876,162780,1.0,1,-516.0,-520.0,11239.2,11239.2
2015429,145509,0.0,31,-163.0,-163.0,26563.095,26563.095
2469688,154026,1.0,13,-584.0,-611.0,11054.79,7615.89
2028637,174321,1.0,17,-2132.0,-2127.0,8462.16,8164.53
1449817,161434,1.0,4,-433.0,-465.0,9907.65,9907.65
2768123,196111,0.0,4,-153.0,-169.0,2250.0,2250.0
2505160,144253,1.0,20,-2094.0,-2096.0,2526.03,2526.03
2751814,117049,1.0,2,-337.0,-354.0,15469.47,15469.47
1475145,128000,1.0,2,-533.0,-542.0,22831.245,22831.245
2404944,153489,0.0,19,-29.0,-42.0,20259.27,20259.27
2009727,199108,1.0,6,-26.0,-26.0,14815.62,14815.62
1010082,169874,1.0,7,-1397.0,-1401.0,12864.69,12864.69
1766976,104206,1.0,14,-2433.0,-2444.0,9643.365,9493.785
2474505,176020,1.0,4,-1038.0,-1044.0,15449.67,15449.67
1361046,188592,0.0,60,-150.0,-150.0,279.99,279.99
2130575,159043,1.0,3,-674.0,-690.0,10470.015,10470.015
2681498,183090,1.0,11,-396.0,-432.0,5333.985,5333.985
1096168,165559,1.0,9,-2061.0,-2094.0,6942.465,6.21
2131103,154511,1.0,5,-1313.0,-1332.0,5970.42,5970.42
1463492,106092,1.0,1,-2442.0,-2467.0,6374.025,6374.025
1463863,123741,1.0,1,-406.0,-432.0,21022.92,135000.0
1463863,123741,2.0,1,-406.0,-432.0,113977.08,135000.0
1724723,157105,1.0,1,-1109.0,-1134.0,5428.35,5400.0
2784868,198376,2.0,7,-1138.0,-1147.0,14663.835,14663.835
1817729,131978,1.0,9,-1531.0,-1545.0,11897.82,11897.82
1683530,128039,0.0,156,-385.0,-415.0,161.19,161.19
1660212,104702,1.0,1,-2625.0,-2625.0,3839.715,3839.715
2773636,186770,0.0,80,-718.0,-718.0,203.94,203.94
2801383,100266,0.0,42,-58.0,-58.0,3.825,3.825
2038813,173549,0.0,47,-2195.0,-2195.0,291.915,291.915
2659461,148893,1.0,5,-506.0,-553.0,4193.415,4193.415
2116938,110546,1.0,4,-2842.0,-2842.0,5291.46,5278.005
1248774,105052,0.0,50,-2194.0,-2194.0,100.62,100.62
1672368,165986,1.0,2,-408.0,-415.0,14306.04,14306.04
1598083,161883,0.0,1,-866.0,-866.0,11250.0,11250.0
2679201,120438,1.0,8,-49.0,-58.0,16204.185,16204.185
2274513,193802,1.0,22,-840.0,-868.0,6111.63,6111.63
1517568,197415,0.0,148,-161.0,-161.0,621.72,621.72
2567944,188909,0.0,33,-51.0,-59.0,13802.31,13802.31
2083745,112893,1.0,6,-1923.0,-1939.0,5485.05,5485.05
1161011,104441,1.0,2,-1280.0,-1286.0,24225.21,24225.21
1492617,166289,0.0,28,-2563.0,-2569.0,19.35,19.35
2451411,133261,1.0,9,-45.0,-56.0,5006.25,5006.25
2674351,187945,0.0,44,-1142.0,-1140.0,5625.0,5625.0
2635148,182664,1.0,6,-1839.0,-1841.0,8113.455,8113.455
2843476,197090,0.0,61,-1165.0,-1165.0,4.365,4.365
1752756,161407,0.0,92,-287.0,-287.0,113.265,113.265
1589705,194071,1.0,2,-2039.0,-2048.0,5257.8,5257.8
1899944,140751,1.0,6,-2848.0,-2850.0,5926.545,5926.545
1438685,171750,1.0,1,-89.0,-102.0,3917.7,3917.7
1083756,182020,1.0,1,-2230.0,-2245.0,8480.565,8480.565
1849628,176679,1.0,4,-104.0,-111.0,7126.065,7126.065
2824512,103642,1.0,18,-475.0,-487.0,50026.005,50026.005
2831709,170366,1.0,12,-1777.0,-1775.0,15397.29,5404.995
2791713,143368,0.0,55,-1525.0,-1525.0,537.975,537.975
1380598,141837,1.0,4,-300.0,-311.0,15270.3,15270.3
2825059,128092,0.0,5,-730.0,-730.0,20250.0,20250.0
2832192,181913,1.0,4,-1375.0,-1448.0,1445.22,1445.22
1184859,120279,0.0,15,-932.0,-932.0,1169.64,1169.64
1369076,147012,1.0,2,-310.0,-340.0,4474.125,4474.125
1050367,199227,0.0,39,-2673.0,-2685.0,4050.0,4050.0
1060607,128254,1.0,7,-1707.0,-1732.0,8469.9,8334.9
1156733,151664,0.0,56,-477.0,-477.0,428.895,428.895
1812075,140579,1.0,5,-233.0,-316.0,10018.935,10018.935
1365667,128412,0.0,13,-609.0,-609.0,28.395,28.395
1315534,109920,0.0,30,-2694.0,-2694.0,545.04,545.04
2682210,156490,1.0,1,-1106.0,-1118.0,6920.28,6920.28
2697102,136498,1.0,2,-2741.0,-2779.0,8103.96,8103.96
2835025,111831,1.0,2,-681.0,-678.0,24303.15,24165.18
1944646,166574,1.0,8,-776.0,-804.0,14584.905,14584.905
1262015,180982,0.0,21,-327.0,-329.0,8550.315,8550.315
2383138,165894,1.0,4,-1454.0,-1460.0,4003.785,4003.785
1130922,171565,0.0,16,-2603.0,-2603.0,4500.0,4500.0
2436350,177332,1.0,10,-616.0,-619.0,54542.07,54542.07
2354932,151037,0.0,38,-2435.0,-2435.0,2250.0,2250.0
2552570,148330,1.0,4,-298.0,-303.0,42011.235,42011.235
2742284,198934,1.0,1,-1810.0,-1817.0,5170.23,5170.23
1947158,118657,1.0,2,-1319.0,-1326.0,27444.915,27444.915
1032208,141198,1.0,7,-238.0,-248.0,14070.15,14070.15
2547594,100600,1.0,9,-1797.0,-1798.0,9097.425,9097.425
1720935,176364,1.0,15,-174.0,-192.0,61192.53,61192.53
2114036,141862,2.0,3,-858.0,-871.0,1028059.695,1028059.695
1108871,150173,1.0,6,-228.0,-231.0,14238.99,14238.99
2496462,185192,1.0,18,-181.0,-194.0,11915.1,11915.1
1238405,145204,1.0,1,-433.0,-435.0,63031.365,63031.365
1188985,118178,0.0,103,-730.0,-730.0,450.0,450.0
2409148,139834,1.0,12,-887.0,-889.0,25623.54,25623.54
1312494,141050,1.0,1,-484.0,-493.0,16943.76,16943.76
2083309,154399,3.0,3,-771.0,-770.0,11841.3,11841.3
1810436,193512,1.0,2,-1446.0,-1461.0,15113.07,15113.07
2664977,100187,1.0,24,-1070.0,-1071.0,10281.87,10281.87
1561761,107896,1.0,3,-210.0,-226.0,20554.335,20554.335
1391340,123998,1.0,24,-813.0,-838.0,8835.12,1078.83
2791195,151930,1.0,1,-2586.0,-2593.0,6779.25,6779.25
1556101,159144,1.0,6,-332.0,-348.0,29650.59,29650.59
2154503,103412,0.0,28,-2375.0,-2375.0,401.355,401.355
1307397,106918,1.0,7,-93.0,-98.0,7083.945,7083.945
2730847,181570,1.0,8,-2396.0,-2412.0,15750.315,15750.315
2408203,146426,0.0,5,-207.0,-207.0,329.67,329.67
2034815,158664,1.0,12,-1092.0,-1119.0,4368.69,661.41
1118859,157380,1.0,9,-1291.0,-1302.0,5831.145,535.455
1244344,180458,1.0,7,-644.0,-659.0,13297.365,13297.365
1574055,172626,1.0,9,-452.0,-469.0,9830.97,9830.97
2169171,122143,1.0,8,-1146.0,-1148.0,5589.99,5589.99
1890263,191059,1.0,12,-1703.0,-1707.0,29063.61,29063.61
2559210,165438,1.0,5,-2527.0,-2535.0,3853.26,3853.26
1735490,147258,1.0,8,-1725.0,-1727.0,12734.19,12734.19
2395692,155850,1.0,7,-955.0,-967.0,3002.85,3002.85
2106634,111236,1.0,2,-395.0,-398.0,17841.87,17841.87
1697194,196732,0.0,23,-743.0,-743.0,183870.135,183870.135
1383990,166541,1.0,10,-210.0,-238.0,25998.93,25998.93
2053133,134833,1.0,1,-245.0,-246.0,9897.885,9897.885
2588571,152479,0.0,35,-2375.0,-2388.0,5400.0,5400.0
1000912,165919,1.0,2,-789.0,-802.0,12863.79,12863.79
1643019,166733,1.0,1,-1501.0,-1515.0,3650.04,3650.04
2791294,177407,0.0,57,-1450.0,-1450.0,5407.515,5407.515
2265994,171908,4.0,22,-293.0,-314.0,333866.88,333866.88
1292725,170320,1.0,7,-386.0,-387.0,21231.225,21231.225
1187475,104227,1.0,3,-1623.0,-1653.0,9870.075,9870.075
1880713,172736,0.0,40,-1423.0,-1423.0,287.64,287.64
2356168,149768,1.0,6,-2729.0,-2729.0,2710.35,2710.35
1367941,120419,1.0,3,-190.0,-200.0,10702.89,10702.89
1469304,181593,0.0,26,-566.0,-584.0,9384.345,11.07
2260549,131656,1.0,4,-1576.0,-1581.0,8569.935,8569.935
2517184,132870,0.0,54,-936.0,-936.0,198.72,198.72
2740963,128715,1.0,25,-925.0,-915.0,8829.405,7235.415
1129760,101833,1.0,8,-2455.0,-2470.0,5548.86,5548.86
2439026,160734,1.0,23,-111.0,-128.0,53542.26,53542.26
2689485,107649,1.0,4,-1946.0,-1968.0,27124.65,27124.65
2562655,156210,1.0,20,-34.0,-44.0,4451.76,4451.76
2213454,139681,1.0,1,-2104.0,-2119.0,3186.045,3186.045
1087742,133404,0.0,180,-657.0,-657.0,33514.65,33514.65
1084813,101396,1.0,1,-1892.0,-1908.0,4596.615,4596.615
2783710,163640,0.0,24,-13.0,-13.0,42750.0,42750.0
1374147,139517,0.0,79,-1013.0,-1016.0,3375.0,3375.0
2589214,130281,0.0,8,-479.0,-479.0,8.73,8.73
1084469,116792,0.0,29,-2270.0,-2270.0,235.755,235.755
1673874,172811,1.0,4,-381.0,-399.0,55956.06,226894.275
1673874,172811,2.0,4,-381.0,-399.0,170938.215,226894.275
2565875,189850,1.0,1,-854.0,-858.0,14670.0,14670.0
1530765,101660,0.0,13,-662.0,-659.0,9073.89,9073.89
2214164,151654,0.0,31,-2244.0,-2244.0,4500.0,4500.0
2353177,123346,1.0,2,-277.0,-284.0,10326.195,10326.195
2094929,197275,1.0,16,-217.0,-216.0,14875.515,14875.515
2491574,149906,1.0,15,-1026.0,-1023.0,21522.915,18193.725
1438717,172498,6.0,3,-343.0,-354.0,17876.565,45000.0
1438717,172498,5.0,3,-343.0,-354.0,27123.435,45000.0
1976391,188252,1.0,3,-302.0,-307.0,2771.01,2771.01
1636513,106307,1.0,3,-423.0,-454.0,14351.85,14351.85
1466391,156429,1.0,1,-1749.0,-1752.0,4987.125,4987.125
1100325,186701,0.0,51,-988.0,-988.0,7028.505,7028.505
1958478,125796,0.0,6,-2454.0,-2471.0,6750.0,6750.0
1319646,115474,1.0,6,-2132.0,-2133.0,5246.01,5246.01
2652409,137444,1.0,2,-375.0,-385.0,43457.085,43457.085
1985375,190519,1.0,1,-720.0,-730.0,9175.545,9175.545
1158560,177606,1.0,4,-536.0,-538.0,44323.785,44323.785
1051731,169189,1.0,5,-267.0,-274.0,17558.01,17558.01
2642669,106691,1.0,3,-182.0,-183.0,4577.31,4577.31
1137472,113005,1.0,5,-318.0,-318.0,10110.825,10110.825
1542993,109436,1.0,7,-156.0,-159.0,10765.89,10765.89
2045443,179210,0.0,35,-396.0,-396.0,13521.96,13521.96
2720878,189155,0.0,86,-414.0,-433.0,900.0,8.1
1690193,113334,1.0,8,-1219.0,-1224.0,4495.545,4495.545
1664596,153501,1.0,12,-537.0,-548.0,32352.525,32352.525
1785183,118964,0.0,9,-1034.0,-1034.0,6414.795,6414.795
1134780,160079,0.0,113,-1152.0,-1152.0,48825.0,48825.0
1117486,106906,1.0,7,-723.0,-743.0,5307.345,5307.345
2114558,179766,1.0,9,-473.0,-474.0,26474.625,26474.625
2414922,108561,0.0,31,-2061.0,-2080.0,4500.0,4500.0
2761701,169085,1.0,3,-589.0,-591.0,16181.91,16181.91
1562460,199113,0.0,61,-152.0,-152.0,2.115,2.115
2539804,105295,0.0,34,-1747.0,-1771.0,13500.0,13500.0
1972746,196004,0.0,37,-207.0,-208.0,22132.35,22132.35
1891195,114347,0.0,40,-681.0,-681.0,11250.0,11250.0
2697039,108580,1.0,12,-744.0,-750.0,5407.38,5407.38
2728298,167015,1.0,5,-831.0,-845.0,52999.92,52999.92
1189367,105698,1.0,6,-1900.0,-1911.0,9615.735,9615.735
1057573,186251,1.0,1,-401.0,-406.0,25454.025,25454.025
1941045,157812,1.0,2,-394.0,-394.0,7559.595,7559.595
2477227,180650,1.0,6,-1182.0,-1191.0,20289.42,20289.42
2209974,196525,1.0,26,-121.0,-122.0,20781.855,20781.855
2127568,165701,1.0,10,-1186.0,-1195.0,17753.85,17753.85
1221184,197943,1.0,4,-231.0,-240.0,9019.665,9019.665
1665756,152181,1.0,3,-1724.0,-1751.0,5315.535,5315.535
1880034,199663,2.0,19,-1038.0,-1072.0,26488.8,26488.8
1197602,125033,1.0,14,-489.0,-497.0,11336.175,11336.175
1095894,109559,1.0,1,-1588.0,-1607.0,7557.57,7557.57
1152161,171552,0.0,87,-426.0,-426.0,149.715,149.715
2492692,105743,1.0,9,-981.0,-974.0,9628.335,3600.945
2181549,121688,1.0,7,-288.0,-309.0,17535.6,17535.6
1134028,131012,0.0,45,-1296.0,-1309.0,9000.0,9000.0
2102343,185357,0.0,27,-1542.0,-1554.0,9000.0,9000.0
1851103,121361,1.0,3,-642.0,-647.0,71031.78,108968.94
1851103,121361,2.0,3,-642.0,-647.0,37937.16,108968.94
2518343,111973,0.0,16,-262.0,-262.0,5913.135,5913.135
1973040,143237,0.0,48,-1277.0,-1277.0,1097.82,1097.82
1149847,137112,1.0,7,-189.0,-196.0,29526.795,29526.795
1119017,147731,1.0,5,-1415.0,-1416.0,6360.3,6360.3
2369272,139601,1.0,1,-410.0,-417.0,31576.86,31576.86
2594487,132917,1.0,12,-29.0,-35.0,10693.8,10693.8
1365156,115314,0.0,5,-71.0,-69.0,6562.89,6562.89
1288940,121523,1.0,6,-735.0,-783.0,6106.455,6106.455
2671413,189162,1.0,11,-1830.0,-1858.0,2423.97,2423.97
1911309,130748,1.0,13,-585.0,-587.0,53029.935,53029.935
2118328,147824,0.0,7,-288.0,-288.0,93325.5,93325.5
1305122,180575,0.0,57,-1676.0,-1681.0,3375.0,3375.0
1011882,129667,0.0,16,-912.0,-917.0,6875.82,6875.82
1597029,164059,1.0,5,-2198.0,-2242.0,1804.14,1804.14
2552319,158347,1.0,2,-211.0,-228.0,16721.325,16721.325
1923058,145851,1.0,11,-425.0,-427.0,9562.5,9562.5
2064832,146042,1.0,3,-466.0,-468.0,39087.45,39087.45
2115794,133972,1.0,9,-831.0,-829.0,53206.74,46860.66
2016037,120556,1.0,13,-302.0,-308.0,26271.0,26271.0
2526049,173071,0.0,24,-262.0,-262.0,138.735,138.735
2481937,163216,0.0,16,-275.0,-275.0,99.045,99.045
2022677,173983,1.0,4,-705.0,-714.0,5527.08,5527.08
1312063,117044,0.0,6,-202.0,-202.0,1386.945,1386.945
1007398,186856,0.0,33,-1882.0,-1899.0,5625.0,5625.0
2291079,118607,1.0,2,-126.0,-129.0,28269.09,28269.09
2387445,172306,0.0,27,-848.0,-848.0,194.58,194.58
1054701,129860,0.0,62,-1417.0,-1417.0,167.265,167.265
1017439,105421,0.0,41,-455.0,-455.0,19.44,19.44
2523699,183802,1.0,9,-493.0,-524.0,21268.26,21268.26
2497420,105737,1.0,3,-2672.0,-2672.0,25184.79,25184.79
2798175,136696,0.0,46,-334.0,-334.0,13938.84,13938.84
2110771,196855,0.0,21,-220.0,-220.0,18519.975,18519.975
1464404,139668,0.0,26,-15.0,-25.0,14164.65,14164.65
2248441,191345,0.0,4,-2845.0,-2855.0,5625.0,5625.0
2575370,100821,1.0,17,-124.0,-167.0,3934.215,3934.215
2075891,173782,1.0,6,-267.0,-298.0,15303.915,0.45
2432821,105328,3.0,17,-695.0,-697.0,2322.0,2322.0
2071003,139546,1.0,21,-169.0,-169.0,7046.73,7046.73
2686822,189062,0.0,65,-1222.0,-1236.0,6750.0,6750.0
2204099,134185,0.0,102,-702.0,-716.0,5625.0,5625.0
1693147,129325,1.0,6,-1445.0,-1472.0,4499.1,4499.1
2256594,124357,1.0,2,-2190.0,-2205.0,4255.65,4255.65
1369148,174033,1.0,2,-475.0,-504.0,11606.085,11606.085
2469783,107386,1.0,3,-1359.0,-1387.0,5608.305,5608.305
1986006,139128,1.0,11,-920.0,-921.0,33897.69,33897.69
2788651,179896,1.0,2,-25.0,-69.0,6352.515,6352.515
1012963,139342,1.0,9,-1522.0,-1520.0,10980.36,10979.73
1251271,110762,0.0,86,-539.0,-539.0,267.525,267.525
1718634,195860,2.0,4,-270.0,-272.0,148811.715,148811.715
1564678,177229,1.0,1,-2149.0,-2179.0,3491.415,3491.415
1150730,185605,1.0,1,-505.0,-509.0,39255.75,39255.75
1183608,147428,2.0,4,-843.0,-858.0,49059.45,49059.45
2438457,168222,1.0,5,-966.0,-970.0,9667.8,9667.8
1038783,188617,1.0,2,-2811.0,-2811.0,10387.17,10387.17
1077851,174406,1.0,9,-1198.0,-1213.0,11982.915,11982.915
1287100,171261,1.0,2,-236.0,-263.0,9951.435,9951.435
2729840,159604,0.0,115,-1642.0,-1642.0,11700.0,11700.0
2729840,159604,0.0,142,-1245.0,-1238.0,333.0,239.85
1449192,107417,1.0,9,-397.0,-399.0,39816.495,39816.495
2759080,172554,1.0,10,-222.0,-244.0,30135.285,30135.285
2305739,182889,1.0,8,-2654.0,-2664.0,6839.01,6839.01
2286464,145191,1.0,11,-1850.0,-1857.0,7300.935,7300.935
2426718,121804,1.0,7,-495.0,-525.0,38208.555,248.67
1229561,152479,1.0,10,-2707.0,-2707.0,9814.5,9814.5
1180486,144394,0.0,25,-2052.0,-2056.0,9000.0,9000.0
2568210,165121,1.0,2,-925.0,-936.0,9744.75,9744.75
1522909,147515,1.0,1,-354.0,-369.0,5645.07,5645.07
1856912,112882,1.0,3,-557.0,-569.0,68015.34,68015.34
2108275,179629,1.0,9,-447.0,-458.0,20984.94,20984.94
1987144,141689,1.0,10,-802.0,-807.0,4798.53,4798.53
2258465,125754,0.0,164,-833.0,-854.0,8100.0,8100.0
1071217,163158,1.0,2,-766.0,-771.0,34204.95,34204.95
2841843,166533,0.0,5,-311.0,-314.0,3631.77,3631.77
2567655,130455,0.0,85,-633.0,-662.0,2439.045,2439.045
2088862,113847,1.0,7,-1108.0,-1121.0,6486.885,6486.885
1439851,106642,0.0,162,-439.0,-439.0,468.0,468.0
2403567,130408,0.0,6,-734.0,-734.0,22500.0,22500.0
2157625,186491,1.0,13,-1074.0,-1072.0,24483.465,23977.395
2157625,186491,1.0,9,-1194.0,-1187.0,24483.465,24143.535
1136344,111759,1.0,3,-295.0,-300.0,20411.685,20411.685
2647829,148606,1.0,12,-691.0,-693.0,4862.565,4862.565
1979212,172143,0.0,6,-138.0,-152.0,2250.0,2020.77
1770177,156962,2.0,49,-18.0,-49.0,29034.0,2050.38
1315010,144615,0.0,1,-2408.0,-2408.0,9000.0,9000.0
1108699,105215,0.0,14,-247.0,-247.0,1.485,1.485
2070540,134366,0.0,24,-737.0,-756.0,3286.845,3286.845
2687546,126238,1.0,4,-1395.0,-1429.0,31804.2,31804.2
2528061,115391,1.0,6,-391.0,-395.0,14094.72,14094.72
1285271,188075,0.0,27,-545.0,-546.0,22500.0,22500.0
2254303,157676,1.0,2,-509.0,-518.0,5625.9,5625.9
2622526,181680,1.0,2,-2897.0,-2897.0,9814.5,9814.5
2672284,146677,1.0,4,-2276.0,-2332.0,4959.675,4959.675
2611375,183868,1.0,8,-2446.0,-2481.0,20335.14,12546.36
2586123,195820,0.0,92,-1652.0,-1652.0,2250.0,2250.0
1515086,186137,1.0,2,-112.0,-152.0,6699.375,6699.375
1721531,190330,1.0,6,-514.0,-512.0,28728.315,27019.89
2511883,149565,1.0,1,-632.0,-658.0,44617.5,44617.5
1536281,196252,1.0,5,-446.0,-480.0,28742.67,28742.67
2270983,159586,0.0,71,-895.0,-895.0,162.315,162.315
1183938,182234,1.0,4,-482.0,-495.0,9936.315,9936.315
2725024,116802,0.0,3,-94.0,-107.0,9122.715,9122.715
2599860,145431,1.0,7,-1750.0,-1763.0,16128.63,16128.63
2424353,168053,1.0,10,-44.0,-44.0,7373.25,18559.305
2424353,168053,2.0,10,-44.0,-44.0,11186.055,18559.305
2687736,135263,1.0,10,-791.0,-794.0,22232.745,22232.745
1202115,197821,2.0,3,-786.0,-784.0,13985.055,13735.665
1251851,133825,2.0,14,-1174.0,-1192.0,11420.82,11420.82
2714605,161698,2.0,10,-62.0,-71.0,20385.72,20385.72
2601789,195629,1.0,27,-58.0,-62.0,16545.96,16545.96
1480890,127498,1.0,2,-1013.0,-1024.0,10811.7,10811.7
2729271,176280,1.0,14,-431.0,-457.0,12150.0,12150.0
2366429,171874,0.0,99,-316.0,-316.0,5.4,5.4
2701878,175578,1.0,5,-1871.0,-1873.0,9614.7,9614.7
2696644,131803,1.0,7,-641.0,-653.0,44701.515,44701.515
2428946,147366,1.0,6,-789.0,-802.0,46177.2,46177.2
2173969,158404,1.0,2,-1039.0,-1040.0,27418.5,27418.5
2173969,158404,1.0,25,-349.0,-351.0,27418.5,27418.5
1959748,155442,1.0,5,-639.0,-651.0,14925.24,14925.24
2559934,155300,0.0,31,-393.0,-407.0,3843.405,3843.405
2575712,178678,1.0,9,-2463.0,-2464.0,3392.91,3392.91
2575004,147403,1.0,8,-591.0,-596.0,13012.11,13012.11
2064346,116980,1.0,2,-2316.0,-2316.0,7476.66,7476.66
1987562,165487,1.0,6,-283.0,-285.0,7597.665,7597.665
1147315,151506,1.0,10,-2725.0,-2725.0,4616.775,4616.775
2783705,104277,0.0,38,-2206.0,-2232.0,6750.0,4500.0
2268597,121694,1.0,2,-2208.0,-2267.0,7269.435,7269.435
2657460,141590,1.0,21,-55.0,-60.0,15321.69,15321.69
1921983,153171,1.0,6,-1763.0,-1735.0,6916.905,18.225
2492183,139531,1.0,7,-854.0,-854.0,31412.565,31412.565
2291733,120994,1.0,3,-301.0,-316.0,6841.53,6841.53
2075798,106450,5.0,14,-171.0,-203.0,36882.0,36882.0
1395058,136372,0.0,54,-2395.0,-2395.0,0.27,0.27
2737925,106690,1.0,6,-589.0,-592.0,26704.755,26704.755
1655996,153569,1.0,1,-696.0,-709.0,11919.465,11919.465
1896390,191598,13.0,9,-361.0,-378.0,23591.295,23591.295
2416846,123485,1.0,9,-655.0,-684.0,9251.46,808.875
1214735,120387,1.0,2,-2048.0,-2063.0,5685.795,5685.795
1783699,135413,1.0,3,-1468.0,-1468.0,19837.35,19837.35
1801449,114282,1.0,12,-2285.0,-2311.0,2983.185,2983.185
2016642,153508,1.0,10,-2807.0,-2836.0,7301.655,0.72
2556977,124526,1.0,3,-512.0,-532.0,19404.18,19404.18
2696561,148995,1.0,15,-587.0,-614.0,19872.135,19872.135
2574718,110831,1.0,12,-402.0,-425.0,12389.355,12389.355
1626745,178731,1.0,1,-2793.0,-2808.0,10923.93,10923.93
1916164,160804,1.0,6,-1237.0,-1249.0,24875.46,24875.46
1161866,135083,1.0,14,-168.0,-199.0,11505.78,11505.78
1905874,159809,1.0,9,-752.0,-757.0,14575.455,14575.455
1373098,122171,1.0,2,-2651.0,-2651.0,11322.72,11322.72
1921896,104161,1.0,10,-1171.0,-1198.0,6826.995,6826.995
1730830,188621,0.0,43,-170.0,-171.0,3985.74,3985.74
1815777,183104,1.0,9,-1862.0,-1869.0,4711.365,4711.365
1840866,145901,2.0,8,-810.0,-812.0,41455.125,41455.125
1736098,154501,1.0,2,-343.0,-355.0,13620.51,13620.51
1229826,149882,0.0,39,-324.0,-324.0,1906.47,1906.47
1159311,122328,1.0,2,-755.0,-778.0,17818.785,17818.785
2408563,127249,1.0,1,-819.0,-849.0,3990.375,3990.375
1104608,105105,2.0,4,-996.0,-1002.0,28748.16,28748.16
2610101,127207,1.0,10,-1998.0,-2023.0,4850.55,4.05
1480356,115636,1.0,2,-1431.0,-1451.0,10472.85,10472.85
1302705,152455,1.0,2,-207.0,-224.0,10924.965,10924.965
1405808,117210,1.0,1,-154.0,-173.0,44994.375,44994.375
1542731,105411,2.0,101,-2544.0,-2542.0,1350.0,1350.0
2016261,193380,1.0,5,-885.0,-889.0,29799.9,29799.9
1499558,108335,1.0,10,-259.0,-271.0,6711.885,6711.885
2305221,171077,0.0,14,-161.0,-166.0,34224.345,34224.345
2632884,122927,1.0,5,-820.0,-823.0,62793.0,62793.0
2499671,117312,1.0,2,-659.0,-664.0,46119.015,46119.015
1817562,177365,0.0,60,-1691.0,-1701.0,7875.0,7875.0
1044394,181233,0.0,10,-836.0,-836.0,404.37,404.37
1732660,174499,0.0,57,-361.0,-362.0,23092.29,142.29
2772455,197552,1.0,8,-2850.0,-2896.0,6698.835,134.145
1866102,159533,1.0,15,-125.0,-146.0,2132.055,2132.055
2288031,114577,1.0,11,-841.0,-842.0,10607.13,10607.13
1110552,137449,0.0,26,-145.0,-145.0,380.835,380.835
2415638,166157,1.0,1,-618.0,-618.0,4747.635,4747.635
2383988,143971,1.0,8,-486.0,-487.0,27449.82,27449.82
2660458,164731,0.0,3,-2430.0,-2430.0,1125.0,1125.0
2105215,171130,6.0,11,-97.0,-106.0,70388.865,70388.865
1751694,152596,1.0,19,-294.0,-285.0,52026.165,42944.58
1390207,120472,0.0,9,-526.0,-534.0,11759.985,11759.985
2745725,192783,1.0,6,-2282.0,-2288.0,5298.975,5298.975
1226524,181061,0.0,68,-1734.0,-1751.0,3375.0,3375.0
1682768,143109,1.0,4,-715.0,-721.0,39604.5,39604.5
1437992,120906,1.0,5,-2182.0,-2191.0,5529.96,5529.96
2528890,175698,1.0,3,-161.0,-240.0,25928.19,25928.19
1307845,123559,1.0,2,-1431.0,-1439.0,3923.55,3923.55
2178889,143287,1.0,3,-286.0,-302.0,14352.615,14352.615
1717441,170969,3.0,16,-473.0,-497.0,255390.21,255390.21
2152425,184551,0.0,38,-1264.0,-1263.0,2250.0,2250.0
1372974,179688,1.0,1,-1045.0,-1053.0,9188.19,9188.19
1861888,118268,1.0,1,-632.0,-631.0,44554.05,44554.05
1556105,153057,5.0,7,-338.0,-342.0,195232.5,225000.0
1556105,153057,6.0,7,-338.0,-342.0,29767.5,225000.0
1876772,101051,1.0,1,-1006.0,-1008.0,71031.78,71031.78
1208316,185777,0.0,12,-396.0,-396.0,1.8,1.8
1584801,183203,0.0,86,-307.0,-307.0,3307.86,3307.86
2227068,123918,0.0,103,-192.0,-192.0,88.29,88.29
2759937,191218,1.0,9,-651.0,-668.0,61247.385,61247.385
2397723,178150,2.0,7,-384.0,-423.0,7519.86,7519.86
2199181,120330,1.0,10,-1796.0,-1799.0,7611.3,7611.3
2077442,137462,1.0,17,-160.0,-171.0,79651.035,79651.035
2430370,106131,0.0,25,-981.0,-990.0,12897.405,12897.405
1489172,127016,0.0,21,-17.0,-17.0,447.525,447.525
2239400,168610,1.0,3,-2154.0,-2155.0,4102.83,4102.83
1819948,179156,0.0,28,-2392.0,-2392.0,4500.0,4500.0
2132280,175113,1.0,7,-2219.0,-2198.0,11190.15,118.44
1679020,191944,1.0,5,-1891.0,-1914.0,6376.68,6376.68
2038933,152088,1.0,3,-359.0,-371.0,11341.98,11341.98
1129354,127035,1.0,5,-2648.0,-2629.0,3713.355,0.765
2755490,110111,1.0,3,-1166.0,-1166.0,14957.955,14957.955
2048102,133084,1.0,5,-737.0,-743.0,11324.655,11324.655
1743746,159142,1.0,11,-1546.0,-1560.0,5038.965,5038.965
1077785,132005,0.0,82,-1103.0,-1103.0,63.585,63.585
1012356,194841,0.0,86,-556.0,-556.0,1902.51,1902.51
2126567,103976,0.0,65,-802.0,-801.0,7875.0,7875.0
2446376,156767,1.0,3,-1157.0,-1166.0,42176.295,42176.295
1295513,141634,2.0,7,-1292.0,-1304.0,327958.47,327958.47
2661512,199778,1.0,13,-425.0,-439.0,7181.685,7181.685
1462023,142001,1.0,3,-398.0,-410.0,11766.42,11766.42
2581709,106910,0.0,91,-1255.0,-1255.0,1841.4,1841.4
1386377,121001,0.0,2,-2727.0,-2748.0,3375.0,225.0
2341366,184415,0.0,7,-2624.0,-2631.0,9000.0,9000.0
1923509,147346,0.0,75,-1000.0,-1000.0,243.585,243.585
2801163,176053,1.0,7,-1044.0,-1050.0,11385.18,11385.18
2825254,141281,1.0,15,-279.0,-295.0,14663.835,14663.835
1575281,192831,0.0,19,-896.0,-899.0,23040.765,23040.765
2584457,110306,1.0,3,-2666.0,-2666.0,4354.92,4354.92
1381961,132093,2.0,8,-2071.0,-2080.0,8596.215,8596.215
1626290,145504,1.0,1,-1534.0,-1545.0,10108.53,10108.53
1235770,192505,1.0,29,-226.0,-226.0,19680.885,19680.885
2204099,134185,0.0,36,-2438.0,-2451.0,5625.0,5625.0
2095465,197011,1.0,5,-472.0,-483.0,31856.625,31856.625
1451300,120981,0.0,94,-11.0,-11.0,211.14,211.14
1690673,148875,0.0,96,-872.0,-872.0,53.055,53.055
1156733,151664,0.0,7,-1847.0,-1855.0,2250.0,2250.0
1060275,118517,1.0,23,-787.0,-817.0,35375.94,341.415
1356070,140812,1.0,8,-225.0,-251.0,11174.715,11174.715
1061021,194671,1.0,10,-801.0,-808.0,16020.45,16020.45
2560717,142604,3.0,5,-846.0,-925.0,1845.0,1845.0
1806266,192334,1.0,6,-341.0,-348.0,5928.435,5928.435
2827535,193588,1.0,15,-92.0,-156.0,4840.875,4840.875
1099746,109392,0.0,116,-912.0,-912.0,346.23,346.23
1194101,150529,2.0,3,-982.0,-988.0,94945.77,94945.77
1447040,131080,1.0,26,-375.0,-380.0,43785.0,43785.0
1381165,103539,1.0,1,-2276.0,-2262.0,11238.975,17.865
2200286,174702,1.0,19,-9.0,-11.0,9263.655,9263.655
2103465,135097,1.0,12,-1723.0,-1751.0,3211.335,3211.335
1430195,185525,1.0,7,-1795.0,-1796.0,9639.72,9639.72
2832196,184997,0.0,11,-153.0,-156.0,4691.52,4691.52
2004116,147407,0.0,36,-1320.0,-1320.0,293.31,293.31
1084764,190269,1.0,6,-991.0,-1009.0,8370.675,8370.675
1827108,120898,1.0,12,-379.0,-388.0,48635.595,48635.595
1464455,142888,1.0,11,-420.0,-428.0,5222.205,5222.205
2317650,150833,1.0,7,-464.0,-472.0,6101.505,6101.505
2561067,165456,1.0,3,-1518.0,-1531.0,7344.09,7344.09