SK_ID_PREV,SK_ID_CURR,MONTHS_BALANCE,CNT_INSTALMENT,CNT_INSTALMENT_FUTURE,NAME_CONTRACT_STATUS,SK_DPD,SK_DPD_DEF
1803195,182943,-31,48.0,45.0,Active,0,0
1715348,367990,-33,36.0,35.0,Active,0,0
1784872,397406,-32,12.0,9.0,Active,0,0
1903291,269225,-35,48.0,42.0,Active,0,0
2341044,334279,-35,36.0,35.0,Active,0,0
2207092,342166,-32,12.0,12.0,Active,0,0
1110516,204376,-38,48.0,43.0,Active,0,0
1387235,153211,-35,36.0,36.0,Active,0,0
1220500,112740,-31,12.0,12.0,Active,0,0
2371489,274851,-32,24.0,16.0,Active,0,0
2328294,287361,-32,12.0,12.0,Active,0,0
2023570,237959,-39,12.0,12.0,Active,0,0
1258390,278261,-32,36.0,36.0,Active,0,0
1627166,146161,-33,24.0,24.0,Active,0,0
1711625,131467,-34,12.0,5.0,Active,0,0
2374177,204722,-35,24.0,15.0,Active,0,0
1716688,405549,-33,12.0,1.0,Active,0,0
1846127,380050,-31,36.0,28.0,Active,0,0
1911764,312551,-32,24.0,16.0,Active,0,0
2645133,152810,-35,24.0,23.0,Active,0,0
1381005,195362,-34,60.0,56.0,Active,0,0
1366811,169489,-38,24.0,24.0,Active,0,0
1260621,244684,-32,18.0,12.0,Active,0,0
1445556,220181,-41,12.0,12.0,Active,0,0
1420240,386836,-41,12.0,11.0,Active,0,0
2631694,337149,-33,12.0,11.0,Active,0,0
1059679,139637,-31,12.0,12.0,Active,0,0
1865970,202091,-35,12.0,7.0,Active,0,0
2683316,454237,-32,18.0,15.0,Active,0,0
2759941,428330,-32,18.0,18.0,Active,0,0
2090361,336201,-35,12.0,12.0,Active,0,0
1463929,108990,-41,12.0,12.0,Active,0,0
2504959,122511,-34,36.0,35.0,Active,0,0
1873885,148915,-31,24.0,23.0,Active,0,0
1050971,220814,-33,18.0,12.0,Active,0,0
2701303,109846,-33,18.0,12.0,Active,0,0
2246356,331357,-35,36.0,35.0,Active,0,0
1519906,122077,-39,24.0,11.0,Active,0,0
2465534,266721,-35,18.0,17.0,Active,0,0
2833264,429694,-37,60.0,46.0,Active,0,0
2397883,223795,-31,12.0,7.0,Active,0,0
1010305,338532,-39,24.0,21.0,Active,0,0
1298869,210084,-41,48.0,0.0,Completed,0,0
1557122,420239,-38,24.0,4.0,Active,0,0
1891208,164877,-34,48.0,42.0,Active,0,0
1443121,370945,-33,24.0,24.0,Active,0,0
1894403,266542,-37,48.0,40.0,Active,0,0
2027470,391768,-41,48.0,40.0,Active,0,0
2294245,426454,-38,12.0,5.0,Active,0,0
1799734,344436,-32,48.0,46.0,Active,0,0
1099860,184062,-31,36.0,32.0,Active,0,0
2165412,239703,-35,12.0,12.0,Signed,0,0
1955907,134432,-34,4.0,0.0,Completed,0,0
1189925,445620,-31,12.0,12.0,Active,0,0
1288860,220431,-40,18.0,17.0,Active,0,0
2287226,224318,-37,24.0,19.0,Active,0,0
1367593,336653,-31,18.0,18.0,Signed,0,0
2738262,207514,-33,12.0,12.0,Active,0,0
1206782,380743,-38,12.0,12.0,Active,0,0
1928156,212022,-33,24.0,19.0,Active,0,0
1681892,208441,-34,48.0,1.0,Active,0,0
1395250,439255,-41,42.0,40.0,Active,0,0
1076996,328058,-34,24.0,9.0,Active,0,0
1057216,248533,-43,24.0,7.0,Active,0,0
1180672,368090,-43,24.0,7.0,Active,0,0
2136390,161052,-33,24.0,7.0,Active,0,0
1386295,186073,-35,24.0,9.0,Active,0,0
2167174,227867,-38,24.0,7.0,Active,1,1
1034821,168836,-41,24.0,7.0,Active,1,1
1257810,322245,-39,24.0,8.0,Active,0,0
2749299,296263,-34,24.0,8.0,Active,0,0
1377038,340169,-34,24.0,8.0,Active,0,0
1973850,312939,-37,24.0,8.0,Active,0,0
2249238,444700,-33,24.0,8.0,Active,0,0
2652147,427618,-43,24.0,7.0,Active,0,0
2259931,269074,-34,24.0,9.0,Active,0,0
1125816,295616,-43,24.0,9.0,Active,0,0
1523310,385026,-35,24.0,8.0,Active,0,0
2412599,234788,-43,24.0,8.0,Active,0,0
1573876,182026,-36,24.0,8.0,Active,0,0
2755863,127002,-40,24.0,7.0,Active,0,0
1201781,192181,-36,24.0,7.0,Active,0,0
2340537,429299,-42,24.0,8.0,Active,0,0
1752714,358344,-39,24.0,8.0,Active,0,0
1589870,179742,-35,24.0,10.0,Active,0,0
1565619,127195,-41,24.0,7.0,Active,0,0
2103399,123179,-34,24.0,9.0,Active,0,0
1592033,328846,-36,24.0,7.0,Active,0,0
1130043,346277,-40,24.0,9.0,Active,0,0
1560980,141739,-34,24.0,8.0,Active,0,0
1259393,373112,-42,24.0,8.0,Active,0,0
1515112,124624,-38,24.0,8.0,Active,0,0
1948420,256319,-35,24.0,7.0,Active,0,0
2629054,340062,-35,24.0,9.0,Active,0,0
1002666,129549,-40,24.0,8.0,Active,0,0
1230492,205698,-36,24.0,7.0,Active,0,0
1165758,133695,-37,24.0,8.0,Active,0,0
2023770,381265,-33,24.0,8.0,Active,0,0
2131141,288786,-34,24.0,9.0,Active,0,0
1029099,436137,-37,24.0,8.0,Active,0,0
2062185,195711,-43,24.0,8.0,Active,0,0
1557455,321337,-33,24.0,8.0,Active,0,0
2581532,288882,-36,24.0,7.0,Active,0,0
2698168,445811,-35,24.0,9.0,Active,0,0
1051003,441792,-35,24.0,8.0,Active,0,0
1011569,391719,-33,24.0,8.0,Active,0,0
2663259,328060,-35,25.0,9.0,Active,0,0
1176195,154399,-37,24.0,8.0,Active,0,0
2500703,201468,-33,24.0,7.0,Active,0,0
1065388,203670,-39,24.0,8.0,Active,0,0
2229938,420690,-35,24.0,8.0,Active,0,0
1262274,336710,-35,14.0,2.0,Active,0,0
2280634,249221,-36,24.0,9.0,Active,0,0
1356233,236491,-40,24.0,10.0,Active,0,0
1830944,353938,-36,24.0,9.0,Active,0,0
2411690,336868,-34,24.0,10.0,Active,0,0
2105048,144387,-43,24.0,10.0,Active,0,0
1475310,184200,-35,24.0,10.0,Active,0,0
2045061,415493,-43,24.0,8.0,Active,0,0
1881965,225903,-35,24.0,8.0,Active,0,0
1878723,167553,-41,24.0,7.0,Active,0,0
1077205,286826,-35,18.0,7.0,Active,0,0
1987205,276220,-40,24.0,8.0,Active,0,0
1710701,235590,-33,24.0,7.0,Active,0,0
2714240,302709,-38,16.0,0.0,Completed,0,0
2186619,454286,-33,24.0,8.0,Active,0,0
1835506,366754,-47,24.0,13.0,Active,0,0
1739516,213084,-41,12.0,1.0,Active,0,0
2203593,306023,-38,24.0,12.0,Active,0,0
1026091,161667,-38,24.0,12.0,Active,0,0
1972869,456070,-39,24.0,12.0,Active,0,0
2426282,296187,-39,24.0,11.0,Active,0,0
2292658,119666,-37,24.0,12.0,Active,0,0
1869861,356003,-43,24.0,11.0,Active,0,0
1473609,226899,-44,24.0,11.0,Active,0,0
1005502,225505,-38,18.0,11.0,Active,0,0
2436912,211783,-42,24.0,12.0,Active,0,0
1910819,384041,-43,24.0,13.0,Active,0,0
2712906,346921,-38,24.0,12.0,Active,0,0
1555424,439876,-38,24.0,13.0,Active,0,0
2755785,425450,-47,24.0,13.0,Active,0,0
1110849,121164,-43,24.0,13.0,Active,0,0
2141831,202695,-41,24.0,12.0,Active,0,0
2075694,438784,-44,24.0,13.0,Active,0,0
2051733,269987,-41,24.0,12.0,Active,0,0
1907996,407141,-39,24.0,13.0,Active,0,0
1460500,298215,-47,24.0,14.0,Active,0,0
1461041,319391,-39,12.0,3.0,Active,0,0
2653416,297133,-41,24.0,11.0,Active,2,2
2415063,171541,-46,24.0,1.0,Active,0,0
2396046,283657,-37,24.0,11.0,Active,0,0
2440197,262099,-39,24.0,11.0,Active,0,0
1206573,171867,-37,13.0,1.0,Active,0,0
2188536,354569,-42,24.0,12.0,Active,0,0
1648707,140844,-41,24.0,12.0,Active,0,0
2262300,145005,-43,24.0,11.0,Active,0,0
1681581,175252,-39,24.0,12.0,Active,0,0
1179655,164650,-45,24.0,12.0,Active,0,0
1077419,305818,-39,24.0,13.0,Active,0,0
2524070,198427,-47,24.0,14.0,Active,0,0
2474852,248933,-38,12.0,2.0,Active,0,0
1440011,445504,-46,12.0,2.0,Active,0,0
1911151,296481,-38,24.0,13.0,Active,0,0
2241316,239889,-38,24.0,14.0,Active,0,0
1042930,418578,-47,8.0,0.0,Active,0,0
1984700,164313,-40,24.0,12.0,Active,0,0
1519189,170917,-38,12.0,1.0,Active,0,0
2617607,203190,-39,24.0,14.0,Active,0,0
1434420,277964,-46,24.0,13.0,Active,0,0
1898081,232700,-39,24.0,13.0,Active,1,1
2332874,368165,-38,24.0,14.0,Active,0,0
2664981,400541,-40,24.0,13.0,Active,0,0
1655882,288348,-47,10.0,0.0,Completed,0,0
2208189,177192,-46,12.0,4.0,Active,0,0
2611432,283167,-38,24.0,14.0,Active,0,0
2820669,165868,-47,14.0,4.0,Active,0,0
1918899,167377,-40,24.0,14.0,Active,0,0
1686193,393279,-46,24.0,13.0,Active,0,0
2220685,147951,-40,24.0,13.0,Active,0,0
1223411,146581,-41,14.0,2.0,Active,0,0
2538282,169510,-44,24.0,13.0,Active,0,0
2594584,122393,-39,12.0,5.0,Active,0,0
2290489,360792,-46,24.0,12.0,Active,0,0
2547775,100676,-41,24.0,12.0,Active,0,0
1280408,314807,-41,24.0,13.0,Active,0,0
1595897,179333,-41,24.0,12.0,Active,0,0
2633356,342237,-39,24.0,12.0,Active,0,0
1900079,206519,-38,24.0,13.0,Active,0,0
2343680,149804,-37,24.0,12.0,Active,0,0
2359861,208944,-40,24.0,12.0,Active,0,0
2833563,214326,-36,24.0,8.0,Active,0,0
2725896,220983,-35,24.0,8.0,Active,0,0
1589296,225940,-34,24.0,8.0,Active,0,0
1186616,110183,-39,12.0,2.0,Active,0,0
1394818,177757,-37,24.0,7.0,Active,4,4
1532146,385905,-42,24.0,8.0,Active,0,0
2658477,171089,-34,24.0,7.0,Active,0,0
1080591,168533,-35,24.0,8.0,Active,0,0
2260888,306012,-42,24.0,9.0,Active,0,0
2674517,411841,-42,24.0,7.0,Active,0,0
2567983,448608,-33,16.0,0.0,Completed,0,0
1189861,315737,-34,24.0,8.0,Active,0,0
2274513,193802,-33,24.0,8.0,Active,0,0
1418542,168587,-36,24.0,9.0,Active,0,0
1885184,378291,-33,24.0,8.0,Active,0,0
2595400,349833,-35,24.0,9.0,Active,0,0
1000882,415744,-43,24.0,7.0,Active,0,0
2727564,194518,-36,24.0,8.0,Active,0,0
2397179,343916,-36,24.0,8.0,Active,0,0
1382363,158360,-40,24.0,9.0,Active,0,0
1125605,260390,-40,14.0,3.0,Active,0,0
2759928,278554,-35,24.0,9.0,Active,0,0
2007452,224553,-42,24.0,8.0,Active,0,0
1137612,281978,-35,24.0,7.0,Active,0,0
1363563,231129,-36,24.0,7.0,Active,0,0
1130764,416844,-37,24.0,8.0,Active,0,0
1820599,163214,-43,24.0,7.0,Active,0,0
1192377,390037,-36,15.0,0.0,Completed,0,0
1752908,172875,-40,15.0,0.0,Completed,0,0
1298727,176006,-34,24.0,8.0,Active,0,0
1425711,203002,-33,24.0,8.0,Active,0,0
2787522,259935,-35,24.0,8.0,Active,0,0
1826095,349506,-33,24.0,8.0,Active,0,0
2018344,235513,-36,24.0,8.0,Active,0,0
1414163,257863,-40,24.0,8.0,Active,0,0
1951620,244256,-37,24.0,8.0,Active,0,0
1313435,189349,-34,24.0,9.0,Active,0,0
2715237,154376,-42,24.0,8.0,Active,0,0
1600757,439140,-37,24.0,7.0,Active,0,0
2164928,316313,-42,24.0,7.0,Active,0,0
2797202,107508,-37,24.0,8.0,Active,0,0
1423210,323689,-37,24.0,7.0,Active,1,1
1495656,391148,-34,24.0,8.0,Active,0,0
1243081,402017,-39,24.0,8.0,Active,0,0
1130016,383677,-41,24.0,8.0,Active,0,0
1566325,351815,-35,24.0,8.0,Active,0,0
2239805,288017,-36,24.0,8.0,Active,0,0
2412854,356958,-42,24.0,8.0,Active,0,0
1469881,434872,-40,24.0,8.0,Active,0,0
1062819,190341,-43,24.0,8.0,Active,0,0
1660071,250235,-40,24.0,8.0,Active,0,0
2623535,168159,-34,24.0,9.0,Active,0,0
1723689,215841,-34,24.0,8.0,Active,0,0
2472119,364048,-35,24.0,8.0,Active,0,0
1425540,101741,-33,24.0,8.0,Active,0,0
1818080,311164,-40,24.0,7.0,Active,0,0
1496273,197007,-34,24.0,7.0,Active,3,3
2249082,417305,-37,24.0,8.0,Active,0,0
2299286,186202,-33,24.0,8.0,Active,0,0
1672735,178624,-35,24.0,8.0,Active,0,0
1873849,452545,-42,24.0,8.0,Active,0,0
1797213,172682,-34,24.0,9.0,Active,0,0
1492350,309918,-35,24.0,7.0,Active,0,0
2691544,187663,-34,24.0,9.0,Active,0,0
2275773,244259,-32,12.0,1.0,Active,0,0
2713356,369407,-27,14.0,4.0,Active,0,0
2320737,330671,-32,14.0,5.0,Active,0,0
1001754,349102,-25,12.0,4.0,Active,0,0
1103314,226117,-24,10.0,1.0,Active,0,0
2612717,224348,-30,11.0,0.0,Completed,0,0
1437026,425504,-28,18.0,8.0,Active,0,0
2789357,444086,-27,12.0,3.0,Active,0,0
1414981,394280,-31,14.0,3.0,Active,0,0
1171258,375937,-34,12.0,3.0,Active,0,0
2491972,187024,-34,12.0,4.0,Active,0,0
1921577,227919,-26,11.0,0.0,Completed,0,0
1620954,164009,-28,12.0,4.0,Active,0,0
1201738,345015,-27,12.0,3.0,Active,0,0
2595821,147887,-29,12.0,4.0,Active,0,0
2492575,342420,-32,12.0,4.0,Active,0,0
1874023,146630,-24,14.0,5.0,Active,0,0
2745245,422736,-31,24.0,14.0,Active,0,0
1578081,316922,-27,12.0,3.0,Active,0,0
2057633,278689,-25,12.0,2.0,Active,0,0
1551677,143795,-24,12.0,3.0,Active,0,0
2833550,175166,-28,12.0,3.0,Active,0,0
1102362,374671,-28,12.0,0.0,Completed,0,0
1564424,387053,-25,14.0,4.0,Active,0,0
1902893,190405,-34,24.0,16.0,Active,0,0
1219460,204933,-26,12.0,4.0,Active,0,0
2252722,180269,-25,12.0,4.0,Active,0,0
1542330,204985,-24,24.0,15.0,Active,0,0
1335460,103808,-34,12.0,3.0,Active,0,0
1366581,168138,-26,12.0,0.0,Active,0,0
1105615,373981,-24,18.0,7.0,Active,0,0
1976259,193175,-25,24.0,12.0,Active,18,18
1596386,373357,-32,12.0,4.0,Active,0,0
1672652,229142,-26,12.0,3.0,Active,0,0
1329480,139725,-24,12.0,0.0,Completed,0,0
2425818,175026,-26,14.0,3.0,Active,0,0
2073175,406186,-28,12.0,2.0,Active,7,7
2566846,322057,-27,12.0,0.0,Completed,0,0
1212721,131432,-32,24.0,16.0,Active,0,0
1464874,264411,-24,8.0,0.0,Completed,0,0
1424834,231559,-27,12.0,2.0,Active,0,0
1185099,131400,-26,24.0,12.0,Active,0,0
1840591,155048,-27,12.0,0.0,Completed,0,0
2009959,439097,-26,12.0,4.0,Active,0,0
2243016,105075,-29,10.0,2.0,Active,0,0
2227941,358187,-25,12.0,2.0,Active,0,0
1844027,356442,-27,24.0,11.0,Active,0,0
1263251,295004,-24,12.0,4.0,Active,0,0
2510084,383691,-26,12.0,1.0,Active,0,0
2491118,354236,-29,24.0,13.0,Active,0,0
2225025,400534,-32,14.0,4.0,Active,0,0
1693040,217934,-25,12.0,4.0,Active,0,0
1338658,411878,-25,12.0,1.0,Active,0,0
1424599,318410,-34,12.0,2.0,Active,0,0
1059128,222914,-28,24.0,12.0,Active,0,0
2807175,145017,-27,13.0,0.0,Active,0,0
2477876,224672,-28,12.0,1.0,Active,0,0
1794345,391252,-25,12.0,2.0,Active,0,0
2277916,161821,-32,24.0,13.0,Active,0,0
1198260,447590,-28,12.0,0.0,Active,0,0
1622838,220291,-24,12.0,0.0,Completed,0,0
1108138,109556,-25,12.0,0.0,Active,0,0
2166324,323345,-28,24.0,16.0,Active,0,0
1649136,392453,-28,24.0,16.0,Active,0,0
2287600,141761,-39,42.0,42.0,Active,0,0
1306172,347797,-40,24.0,23.0,Active,0,0
1728108,308296,-39,12.0,6.0,Active,0,0
1131137,244019,-40,12.0,6.0,Active,0,0
1947209,122798,-40,48.0,45.0,Active,0,0
1887746,195355,-45,24.0,18.0,Active,0,0
1333258,368794,-42,48.0,48.0,Signed,0,0
1221702,282150,-47,12.0,8.0,Active,0,0
2259087,218016,-39,12.0,10.0,Active,0,0
2144402,246225,-42,12.0,12.0,Active,0,0
2225327,146835,-39,48.0,10.0,Active,0,0
1295931,300651,-47,12.0,9.0,Active,0,0
1431469,202086,-39,12.0,6.0,Active,0,0
2593964,276337,-42,12.0,6.0,Active,0,0
2294245,426454,-45,12.0,12.0,Active,0,0
2444605,374627,-39,24.0,22.0,Active,0,0
1244490,435705,-38,36.0,34.0,Active,0,0
2190756,429817,-42,48.0,47.0,Active,0,0
2804866,380916,-46,48.0,47.0,Active,0,0
2107556,419312,-44,48.0,47.0,Active,0,0
1031776,442820,-44,24.0,9.0,Active,0,0
1551312,443106,-48,48.0,12.0,Active,0,0
1926124,439639,-40,48.0,5.0,Active,0,0
1532385,157131,-46,12.0,6.0,Active,0,0
2428746,141031,-47,24.0,18.0,Active,0,0
2427489,130385,-46,24.0,12.0,Active,0,0
1568931,420506,-41,24.0,14.0,Active,0,0
1840453,186181,-43,12.0,6.0,Active,0,0
2127943,248090,-46,36.0,30.0,Active,0,0
1642725,327832,-39,24.0,2.0,Active,0,0
2592418,116323,-38,30.0,19.0,Active,0,0
2249380,200997,-45,24.0,12.0,Active,0,0
1762157,206569,-39,24.0,9.0,Active,0,0
2120907,248027,-43,48.0,11.0,Active,0,0
1522975,158153,-38,48.0,5.0,Active,5,5
2328899,248474,-38,24.0,14.0,Active,0,0
2527579,184657,-38,12.0,5.0,Active,0,0
2793463,421234,-41,24.0,2.0,Active,0,0
2673257,227088,-40,36.0,29.0,Active,0,0
2503014,428431,-38,36.0,2.0,Active,0,0
2118390,306927,-48,24.0,3.0,Active,0,0
2100895,218295,-42,36.0,28.0,Active,0,0
2070620,381258,-42,36.0,29.0,Active,0,0
2379523,240156,-44,12.0,10.0,Active,0,0
2356234,414746,-38,48.0,45.0,Active,0,0
1841131,449445,-41,24.0,22.0,Active,0,0
1757017,184333,-47,24.0,24.0,Active,0,0
2524182,158237,-38,36.0,34.0,Active,0,0
2582005,427202,-38,24.0,21.0,Active,0,0
1906337,126373,-38,36.0,36.0,Active,0,0
1711625,131467,-41,12.0,12.0,Active,0,0
2608545,353704,-38,48.0,41.0,Active,0,0
2221615,130387,-45,24.0,1.0,Active,0,0
1496349,368921,-38,24.0,13.0,Active,0,0
1490233,293778,-47,12.0,9.0,Active,0,0
1468561,379231,-41,36.0,29.0,Active,0,0
1769938,144146,-39,12.0,10.0,Active,0,0
2080361,122171,-40,30.0,30.0,Active,0,0
2370883,324602,-40,12.0,10.0,Active,0,0
1681892,208441,-41,48.0,8.0,Active,0,0
1375640,128534,-40,12.0,12.0,Active,0,0
2253328,376819,-39,48.0,2.0,Active,0,0
1776659,113972,-41,24.0,23.0,Active,0,0
1220076,412570,-43,54.0,54.0,Active,0,0
1877758,340010,-45,24.0,11.0,Active,0,0
1648842,102723,-37,24.0,12.0,Active,0,0
1772613,383327,-40,24.0,12.0,Active,0,0
2100225,151641,-43,24.0,12.0,Active,0,0
2777082,350186,-37,24.0,11.0,Active,0,0
1382362,254233,-44,24.0,13.0,Active,0,0
2105677,264807,-40,24.0,11.0,Active,0,0
2623497,276229,-39,24.0,12.0,Active,0,0
2600512,391950,-42,24.0,12.0,Active,0,0
2822018,182048,-38,24.0,12.0,Active,0,0
1901919,167791,-39,24.0,11.0,Active,0,0
1940168,403553,-47,24.0,13.0,Active,0,0
2184830,453290,-41,24.0,12.0,Active,0,0
1204721,273758,-37,6.0,0.0,Completed,0,0
1630104,213213,-39,14.0,7.0,Active,0,0
2631723,315758,-37,24.0,13.0,Active,0,0
1384304,321684,-40,24.0,13.0,Active,0,0
1510098,102617,-47,24.0,12.0,Active,0,0
1176216,431369,-37,24.0,12.0,Active,0,0
1643875,207147,-38,24.0,13.0,Active,0,0
1984285,326752,-44,24.0,13.0,Active,0,0
2415173,380984,-39,24.0,13.0,Active,0,0
2191070,298273,-37,14.0,5.0,Active,0,0
1147074,351936,-46,12.0,5.0,Active,0,0
1206033,133428,-38,24.0,13.0,Active,0,0
1046187,162779,-37,24.0,14.0,Active,0,0
2496929,385920,-37,24.0,12.0,Active,0,0
1464123,362950,-40,24.0,13.0,Active,0,0
1281033,299080,-41,24.0,11.0,Active,0,0
1207028,293930,-38,24.0,12.0,Active,0,0
1815132,278337,-38,12.0,5.0,Active,0,0
2373929,324597,-37,9.0,0.0,Completed,0,0
1209910,318142,-39,24.0,13.0,Active,0,0
1416927,174265,-40,12.0,2.0,Active,0,0
1643196,135169,-45,24.0,1.0,Active,0,0
2774505,168601,-44,24.0,11.0,Active,0,0
2557963,273191,-37,24.0,11.0,Active,0,0
2303720,111386,-37,12.0,5.0,Active,0,0
2345059,199361,-45,24.0,12.0,Active,0,0
2184236,399242,-38,11.0,0.0,Active,0,0
2730454,199042,-37,14.0,7.0,Active,0,0
2463841,343962,-45,14.0,5.0,Active,0,0
1394525,127000,-45,24.0,13.0,Active,0,0
1690260,275558,-46,12.0,6.0,Active,0,0
1078206,318077,-41,24.0,13.0,Active,0,0
2445498,200119,-39,24.0,13.0,Active,0,0
2571174,437438,-40,12.0,4.0,Active,0,0
2622046,243286,-44,24.0,14.0,Active,0,0
1112559,253513,-41,12.0,4.0,Active,0,0
2116637,337030,-41,10.0,0.0,Completed,0,0
2411690,336868,-38,24.0,14.0,Active,0,0
2763452,313905,-39,24.0,13.0,Active,0,0
1979237,113557,-46,10.0,1.0,Active,0,0
1596682,405913,-45,14.0,3.0,Active,0,0
2579567,120755,-46,12.0,4.0,Active,0,0
1891726,438295,-37,24.0,12.0,Active,0,0
1586601,185632,-41,24.0,12.0,Active,0,0
1769685,211581,-37,24.0,13.0,Active,0,0
1301394,343583,-40,24.0,12.0,Active,0,0
1824530,398245,-40,24.0,11.0,Active,0,0
2227963,200552,-46,24.0,12.0,Active,0,0
1105961,456009,-47,24.0,12.0,Active,0,0
2537085,163708,-37,24.0,12.0,Active,0,0
2789273,304808,-15,11.0,0.0,Completed,0,0
2127088,266264,-19,18.0,12.0,Active,0,0
2822394,322553,-22,18.0,11.0,Active,0,0
1241675,143479,-22,10.0,0.0,Completed,0,0
1692671,387667,-14,6.0,0.0,Completed,0,0
1418383,203061,-18,6.0,0.0,Active,0,0
2246467,168370,-18,12.0,3.0,Active,0,0
2481827,431509,-18,12.0,1.0,Active,0,0
1310252,324952,-18,24.0,18.0,Active,0,0
1301900,294255,-16,12.0,5.0,Active,0,0
2702700,140289,-14,12.0,3.0,Active,0,0
1820534,143801,-18,12.0,5.0,Active,0,0
1238030,182736,-18,24.0,17.0,Active,0,0
1312359,181274,-21,18.0,11.0,Active,0,0
2605651,283978,-21,6.0,0.0,Completed,0,0
2315839,202386,-17,6.0,0.0,Completed,0,0
2446077,388561,-24,5.0,0.0,Completed,0,0
1688630,298203,-16,18.0,11.0,Active,1,1
2310286,111389,-17,18.0,7.0,Active,0,0
2301205,242771,-18,12.0,6.0,Active,0,0
2332841,312118,-18,17.0,12.0,Active,0,0
2098917,223057,-18,6.0,6.0,Active,0,0
1743542,364310,-25,6.0,6.0,Active,0,0
2053895,388853,-20,10.0,6.0,Active,0,0
2190477,345462,-18,24.0,22.0,Active,0,0
1436666,173149,-19,24.0,21.0,Active,0,0
2721509,339841,-15,6.0,4.0,Active,0,0
1276914,455489,-25,6.0,6.0,Active,0,0
1793776,314274,-15,6.0,6.0,Active,0,0
1768461,133372,-21,6.0,3.0,Active,0,0
2584708,102489,-18,24.0,22.0,Active,0,0
1824849,454092,-22,12.0,8.0,Active,0,0
1036107,387238,-19,6.0,5.0,Active,0,0
2523542,196878,-22,3.0,0.0,Active,0,0
2126984,342005,-19,18.0,16.0,Active,0,0
2310031,358849,-19,14.0,13.0,Active,0,0
1896645,276547,-16,12.0,11.0,Active,0,0
2169225,326606,-25,10.0,8.0,Active,0,0
1481252,202627,-15,6.0,3.0,Active,0,0
2186801,257688,-17,10.0,7.0,Active,0,0
2414137,400673,-21,24.0,22.0,Active,0,0
1469817,373648,-15,6.0,5.0,Active,0,0
1418043,413955,-15,6.0,5.0,Active,0,0
2772594,349004,-18,18.0,16.0,Active,0,0
1418349,435429,-16,6.0,5.0,Active,0,0
1002022,361878,-19,24.0,21.0,Active,0,0
2267892,261285,-19,12.0,11.0,Active,0,0
1054561,299130,-16,24.0,23.0,Active,0,0
1193038,272399,-22,6.0,2.0,Active,0,0
1487054,194017,-18,18.0,17.0,Active,0,0
1684283,137193,-25,18.0,16.0,Active,0,0
2518749,235443,-17,6.0,3.0,Active,0,0
1641591,199699,-23,10.0,6.0,Active,0,0
1012853,334273,-25,3.0,0.0,Completed,0,0
2111010,428717,-17,6.0,4.0,Active,0,0
2762932,351413,-16,4.0,0.0,Completed,0,0
1339377,285424,-21,6.0,5.0,Active,0,0
1865584,280621,-16,6.0,3.0,Active,0,0
2079414,147587,-25,4.0,1.0,Active,0,0
1034137,272508,-21,2.0,0.0,Completed,0,0
1446402,284385,-18,6.0,2.0,Active,0,0
1515097,283350,-17,12.0,8.0,Active,0,0
2140944,428933,-24,6.0,4.0,Active,0,0
1522548,327601,-22,24.0,23.0,Active,0,0
2186653,212665,-22,18.0,15.0,Active,0,0
2775469,271823,-33,48.0,32.0,Active,0,0
1717216,435976,-38,36.0,20.0,Active,0,0
1186588,226554,-34,42.0,37.0,Active,0,0
2804620,228537,-40,24.0,24.0,Active,0,0
1318557,237985,-35,12.0,8.0,Active,0,0
2408359,336661,-31,30.0,23.0,Active,0,0
2251475,306564,-31,18.0,16.0,Active,0,0
2529122,374422,-32,18.0,16.0,Active,0,0
1836639,276474,-35,12.0,2.0,Active,0,0
1891169,204098,-31,12.0,12.0,Signed,0,0
1071507,381824,-34,36.0,35.0,Active,0,0
1787577,163110,-31,20.0,15.0,Active,0,0
2007258,146789,-33,12.0,12.0,Active,0,0
1731003,447088,-33,24.0,21.0,Active,0,0
1058744,274006,-40,24.0,21.0,Active,0,0
1648490,371732,-34,12.0,3.0,Active,0,0
2632174,132497,-39,36.0,36.0,Active,0,0
2357359,403718,-41,12.0,4.0,Active,0,0
2728579,151153,-41,12.0,1.0,Active,0,0
1012470,308745,-31,12.0,4.0,Active,0,0
2183888,164566,-31,12.0,7.0,Active,0,0
1817466,340297,-31,24.0,18.0,Active,0,0
1294752,384670,-37,36.0,35.0,Active,0,0
1131353,147567,-32,12.0,10.0,Active,0,0
2335106,274473,-31,36.0,31.0,Active,0,0
2477353,237613,-34,12.0,12.0,Active,0,0
1490871,338619,-39,12.0,8.0,Active,0,0
1794659,407891,-39,36.0,35.0,Active,0,0
1881704,386887,-33,18.0,11.0,Active,0,0
1916086,448189,-41,48.0,45.0,Active,0,0
1830710,302087,-39,24.0,20.0,Active,0,0
1410692,393222,-31,24.0,17.0,Active,0,0
2395959,142434,-35,48.0,40.0,Active,0,0
1240306,424623,-35,18.0,17.0,Active,0,0
1586636,453619,-33,36.0,35.0,Active,0,0
1268460,230506,-33,32.0,27.0,Active,0,0
2737873,394693,-33,24.0,23.0,Active,0,0
1931185,178948,-35,12.0,6.0,Active,0,0
1676665,200113,-39,12.0,12.0,Active,0,0
2778283,137995,-35,12.0,4.0,Active,0,0
1769938,144146,-32,12.0,3.0,Active,0,0
1079123,305129,-38,24.0,14.0,Active,0,0
2203708,431602,-33,36.0,26.0,Active,0,0
1985665,222966,-40,24.0,15.0,Active,0,0
1406835,417483,-31,42.0,34.0,Active,0,0
2663429,138248,-33,18.0,17.0,Active,0,0
1594404,197450,-33,12.0,11.0,Active,0,0
2211314,222304,-35,18.0,16.0,Active,0,0
1715503,231345,-34,12.0,11.0,Active,0,0
1079121,397368,-39,42.0,40.0,Active,0,0
2658606,298501,-31,24.0,21.0,Active,0,0
2004566,237618,-31,18.0,16.0,Active,0,0
2189935,208520,-31,12.0,10.0,Active,0,0
2730393,392494,-35,36.0,35.0,Active,0,0
1277429,382139,-36,36.0,35.0,Active,0,0
1270460,431891,-37,24.0,22.0,Active,0,0
2210210,209067,-40,24.0,21.0,Active,0,0
2421615,267726,-35,36.0,35.0,Active,0,0
1460923,130632,-38,12.0,5.0,Active,0,0
1134907,326048,-39,12.0,8.0,Active,0,0
1979116,448290,-31,12.0,8.0,Active,0,0
1035187,263740,-32,24.0,12.0,Active,0,0
1979139,284464,-31,10.0,0.0,Completed,0,0
2243696,284528,-39,24.0,14.0,Active,0,0
1874787,380314,-45,24.0,12.0,Active,0,0
2738267,281845,-47,24.0,12.0,Active,0,0
2533516,278549,-45,24.0,12.0,Active,0,0
1676335,454526,-38,24.0,12.0,Active,0,0
2111104,438154,-47,24.0,12.0,Active,0,0
2765782,324481,-39,24.0,12.0,Active,0,0
1106208,318315,-39,24.0,12.0,Active,0,0
1188971,150413,-39,24.0,12.0,Active,0,0
2320531,294945,-39,24.0,11.0,Active,0,0
2304185,329575,-40,24.0,11.0,Active,0,0
1285782,368811,-47,24.0,13.0,Active,0,0
2760406,259536,-39,24.0,12.0,Active,0,0
2439286,211622,-39,24.0,12.0,Active,0,0
1598655,152091,-47,24.0,12.0,Active,0,0
2077887,366659,-38,24.0,12.0,Active,0,0
2532348,395090,-39,24.0,12.0,Active,0,0
2158855,387105,-37,24.0,12.0,Active,0,0
2287854,359705,-37,24.0,12.0,Active,0,0
1292748,349310,-47,24.0,14.0,Active,0,0
1059193,263113,-41,24.0,12.0,Active,0,0
1546703,363255,-37,24.0,12.0,Active,0,0
2191326,229010,-37,24.0,12.0,Active,0,0
2228483,455789,-40,24.0,11.0,Active,0,0
1625326,307023,-39,25.0,12.0,Active,0,0
1158439,388337,-40,24.0,12.0,Active,0,0
2627455,439692,-45,24.0,2.0,Active,0,0
1519933,455984,-37,24.0,12.0,Active,0,0
2627811,170352,-40,24.0,14.0,Active,0,0
1337689,440181,-47,24.0,12.0,Active,0,0
1675395,333712,-41,24.0,12.0,Active,0,0
1181762,377270,-40,24.0,12.0,Active,0,0
1516496,355619,-37,24.0,11.0,Active,0,0
1373655,252018,-38,24.0,11.0,Active,0,0
1744039,122725,-40,24.0,13.0,Active,0,0
1267610,321497,-42,24.0,12.0,Active,0,0
1492350,309918,-39,24.0,11.0,Active,0,0
2078094,278054,-38,24.0,12.0,Active,0,0
2510501,125470,-44,24.0,13.0,Active,0,0
2831741,113554,-38,24.0,13.0,Active,5,0
2560163,407116,-38,24.0,12.0,Active,0,0
1504068,268210,-40,24.0,12.0,Active,0,0
1489814,193696,-39,24.0,12.0,Active,0,0
2118294,209407,-45,14.0,5.0,Active,0,0
2101402,379845,-40,24.0,13.0,Active,0,0
1549637,306862,-46,24.0,11.0,Active,0,0
2335631,422343,-39,24.0,12.0,Active,0,0
1029717,300389,-44,24.0,13.0,Active,0,0
2568253,411623,-37,12.0,5.0,Active,0,0
1840614,377044,-37,24.0,12.0,Active,0,0
2714240,302709,-42,24.0,12.0,Active,0,0
1718720,220865,-39,24.0,11.0,Active,0,0
1845524,178268,-46,24.0,11.0,Active,0,0
1251080,197998,-37,24.0,13.0,Active,0,0
1642876,382401,-45,24.0,12.0,Active,0,0
2714714,195988,-39,12.0,1.0,Active,0,0
2370211,248660,-37,24.0,12.0,Active,0,0
2467413,256419,-47,24.0,11.0,Active,0,0
1391690,200342,-41,24.0,13.0,Active,0,0
2705903,115507,-37,24.0,12.0,Active,0,0
2166314,323987,-39,12.0,0.0,Completed,0,0
2002625,197217,-45,24.0,12.0,Active,0,0
1569391,404359,-37,24.0,11.0,Active,0,0
1728177,253469,-39,24.0,12.0,Active,0,0
2759814,137751,-38,24.0,12.0,Active,0,0
1660388,251575,-34,18.0,9.0,Active,0,0
1622091,136171,-25,12.0,0.0,Active,0,0
2328541,120482,-24,14.0,6.0,Active,0,0
1782631,145318,-24,12.0,3.0,Active,0,0
1152784,375801,-32,16.0,6.0,Active,0,0
1202473,379580,-26,11.0,0.0,Active,0,0
1960362,150294,-24,12.0,1.0,Active,0,0
1230285,374757,-29,12.0,0.0,Completed,0,0
1405033,340650,-27,14.0,6.0,Active,0,0
2363199,135726,-31,12.0,3.0,Active,0,0
2774420,422121,-27,12.0,4.0,Active,0,0
1869710,210817,-29,12.0,0.0,Completed,0,0
2463586,191283,-24,18.0,5.0,Active,0,0
1081862,271225,-26,14.0,1.0,Active,0,0
1009382,261946,-27,12.0,0.0,Completed,0,0
1224701,422503,-31,14.0,6.0,Active,0,0
1652748,172534,-29,12.0,0.0,Completed,0,0
1131082,436850,-26,12.0,2.0,Active,0,0
1133472,452798,-32,12.0,4.0,Active,0,0
2762612,178758,-24,10.0,2.0,Active,0,0
1701899,287588,-27,18.0,9.0,Active,0,0
1816659,328742,-24,24.0,11.0,Active,0,0
2480586,443317,-34,12.0,3.0,Active,0,0
1938190,160756,-34,12.0,3.0,Active,0,0
2440071,154201,-31,18.0,10.0,Active,0,0
1871466,224394,-27,12.0,2.0,Active,0,0
1359537,178525,-33,12.0,1.0,Active,0,0
2437940,228628,-30,12.0,0.0,Completed,0,0
1532041,393994,-26,12.0,2.0,Active,0,0
1061292,453385,-25,18.0,9.0,Active,0,0
1460684,144822,-28,12.0,3.0,Active,0,0
1118673,115604,-31,12.0,0.0,Completed,0,0
2054424,195290,-27,24.0,14.0,Active,0,0
2657329,307805,-25,24.0,12.0,Active,0,0
1592656,371358,-24,12.0,2.0,Active,0,0
1158450,242218,-26,18.0,9.0,Active,0,0
2703089,218980,-29,12.0,4.0,Active,0,0
2690323,193690,-24,12.0,4.0,Active,0,0
1161808,251227,-28,14.0,6.0,Active,0,0
1780454,297225,-24,12.0,4.0,Active,0,0
1783406,192042,-30,12.0,0.0,Completed,0,0
1649154,262573,-30,9.0,0.0,Completed,0,0
1486431,424183,-25,24.0,13.0,Active,0,0
1629807,136735,-28,12.0,2.0,Active,0,0
2105101,336320,-28,12.0,1.0,Active,0,0
1649182,400754,-25,10.0,1.0,Active,0,0
2153137,185534,-34,24.0,13.0,Active,0,0
2340945,297577,-28,12.0,2.0,Active,0,0
2683458,123612,-32,24.0,12.0,Active,0,0
1305940,293892,-26,24.0,12.0,Active,0,0
1030218,146070,-28,18.0,9.0,Active,0,0
1232536,315903,-34,18.0,8.0,Active,0,0
2074378,449256,-27,24.0,13.0,Active,0,0
2716391,145149,-33,18.0,6.0,Active,0,0
2246145,191794,-33,12.0,0.0,Completed,0,0
1849211,290801,-31,12.0,1.0,Active,12,12
1420870,170637,-27,12.0,2.0,Active,0,0
1096174,262659,-34,14.0,5.0,Active,0,0
1207472,325106,-24,24.0,12.0,Active,0,0
2073943,410389,-34,12.0,3.0,Active,0,0
1643886,455098,-25,12.0,0.0,Completed,0,0
2608333,380729,-24,12.0,3.0,Active,0,0
2415215,329866,-25,12.0,2.0,Active,0,0
2373788,146563,-1,12.0,12.0,Active,0,0
2344408,444611,-6,12.0,8.0,Active,0,0
2235803,270883,-6,12.0,10.0,Active,0,0
1434285,450849,-2,16.0,14.0,Active,0,0
1204938,203479,-3,16.0,14.0,Active,0,0
1328586,360581,-1,12.0,10.0,Active,0,0
2722985,278556,-5,6.0,6.0,Active,0,0
2639824,263945,-5,12.0,10.0,Active,0,0
1889585,403422,-6,,,Signed,0,0
1898035,210731,-6,12.0,9.0,Active,0,0
1850764,351863,-6,6.0,6.0,Active,0,0
2270930,105127,-4,12.0,8.0,Active,0,0
2305011,353684,-3,12.0,9.0,Active,0,0
1435101,185598,-4,24.0,21.0,Active,0,0
1423657,279043,-5,6.0,4.0,Active,0,0
2408250,344613,-4,6.0,5.0,Active,0,0
1418347,338047,-3,24.0,20.0,Active,0,0
2471461,239146,-6,24.0,20.0,Active,0,0
2784540,127245,-3,10.0,9.0,Active,0,0
2148090,342356,-4,6.0,6.0,Active,0,0
2333038,368565,-3,10.0,9.0,Active,0,0
2793447,136004,-5,24.0,19.0,Active,0,0
1485565,205558,-4,24.0,20.0,Active,0,0
2728402,409076,-6,12.0,11.0,Active,0,0
1474578,194468,-6,6.0,3.0,Active,0,0
2253455,328237,-4,12.0,11.0,Active,0,0
2237957,331138,-3,14.0,12.0,Active,0,0
1104681,297089,-6,6.0,5.0,Active,0,0
1744510,271251,-5,24.0,21.0,Active,0,0
1896262,415533,-6,12.0,8.0,Active,0,0
2791639,154873,-3,12.0,12.0,Active,0,0
2076509,347899,-4,12.0,10.0,Active,0,0
2691064,430005,-3,24.0,19.0,Active,0,0
2100053,143835,-5,12.0,11.0,Active,0,0
1059231,187644,-1,24.0,21.0,Active,0,0
1627415,370458,-1,6.0,6.0,Active,0,0
2070143,417012,-1,6.0,5.0,Active,0,0
2566573,213170,-5,24.0,22.0,Active,0,0
2516548,332821,-6,24.0,21.0,Active,0,0
2259045,162819,-4,12.0,7.0,Active,0,0
1770040,288829,-6,12.0,10.0,Active,0,0
2022520,379131,-6,12.0,12.0,Active,0,0
1687746,256061,-4,6.0,2.0,Active,0,0
2249154,308822,-5,6.0,6.0,Active,0,0
1705469,224819,-4,14.0,9.0,Active,0,0
1320637,431080,-5,10.0,10.0,Active,0,0
2749610,311479,-4,12.0,11.0,Active,0,0
2578220,332584,-4,8.0,4.0,Active,0,0
1086173,223693,-2,24.0,19.0,Active,0,0
2191590,359632,-3,6.0,4.0,Active,0,0
1257270,140789,-4,6.0,6.0,Active,0,0
1108787,244874,-5,24.0,20.0,Active,0,0
2543106,435263,-6,6.0,5.0,Active,0,0
2011906,161589,-1,12.0,12.0,Active,0,0
2598840,107295,-4,6.0,5.0,Active,0,0
1313083,372876,-6,16.0,16.0,Active,0,0
2191564,181481,-5,10.0,10.0,Active,0,0
1226228,392230,-5,6.0,5.0,Active,0,0
1618886,382448,-2,,,Signed,0,0
1568532,369401,-1,24.0,24.0,Active,0,0
2345092,441022,-3,6.0,5.0,Active,0,0
1028704,373363,-5,24.0,18.0,Active,0,0
1284743,435713,-6,6.0,6.0,Active,0,0
2369309,172768,-2,6.0,6.0,Active,0,0
1385814,194442,-2,24.0,20.0,Active,0,0
2102645,380191,-4,24.0,20.0,Active,0,0
2719644,323481,-5,6.0,6.0,Active,0,0
1710335,182286,-39,24.0,7.0,Active,0,0
2485539,408798,-35,24.0,8.0,Active,0,0
1232081,212086,-35,24.0,8.0,Active,0,0
2394120,121638,-33,24.0,8.0,Active,0,0
1045742,269427,-34,24.0,7.0,Active,0,0
2745022,150564,-38,24.0,7.0,Active,0,0
2001030,215560,-42,24.0,8.0,Active,0,0
1052053,104834,-38,24.0,8.0,Active,0,0
2346176,380210,-33,24.0,8.0,Active,0,0
2558028,284494,-33,24.0,9.0,Active,0,0
1974967,198046,-33,24.0,9.0,Active,0,0
2664977,100187,-43,24.0,8.0,Active,0,0
1688990,380812,-42,24.0,7.0,Active,0,0
2751510,288424,-37,24.0,8.0,Active,0,0
1513913,121475,-41,24.0,8.0,Active,0,0
2181263,237784,-36,24.0,8.0,Active,0,0
1687512,169844,-39,24.0,8.0,Active,0,0
1106678,225498,-36,24.0,8.0,Active,0,0
1280929,285778,-43,24.0,9.0,Active,0,0
1609478,179998,-33,24.0,8.0,Active,0,0
2426282,296187,-35,24.0,7.0,Active,0,0
1538820,437494,-40,24.0,8.0,Active,0,0
1006279,143651,-33,24.0,8.0,Active,0,0
2225521,321529,-35,24.0,7.0,Active,2,2
2455332,135307,-33,24.0,7.0,Active,0,0
2482022,183177,-33,24.0,7.0,Active,0,0
1302641,304687,-43,24.0,8.0,Active,0,0
1398094,365048,-34,24.0,8.0,Active,0,0
2428544,302884,-34,24.0,7.0,Active,0,0
2644680,414673,-41,24.0,8.0,Active,0,0
2689688,417481,-33,24.0,8.0,Active,6,0
1230446,380490,-41,24.0,8.0,Active,0,0
2013681,120044,-40,24.0,7.0,Active,0,0
1672509,375545,-37,24.0,7.0,Active,0,0
1921558,192833,-37,24.0,8.0,Active,0,0
2532348,395090,-35,24.0,8.0,Active,0,0
1692161,210114,-35,24.0,7.0,Active,0,0
1866560,142452,-40,24.0,7.0,Active,0,0
1059454,372515,-34,24.0,9.0,Active,0,0
2612921,382987,-38,24.0,8.0,Active,0,0
1655904,115830,-33,24.0,8.0,Active,0,0
1260217,294826,-33,24.0,9.0,Active,0,0
1685743,385168,-33,24.0,8.0,Active,0,0
2560205,142934,-33,24.0,9.0,Active,0,0
2126421,160250,-39,24.0,8.0,Active,0,0
2559550,167344,-35,24.0,9.0,Active,0,0
1468067,396869,-33,24.0,7.0,Active,0,0
1621967,256958,-41,24.0,8.0,Active,0,0
2088508,349524,-39,24.0,7.0,Active,0,0
1312297,228886,-34,24.0,9.0,Active,0,0
2134781,335486,-35,24.0,8.0,Active,0,0
2578439,345245,-36,24.0,9.0,Active,0,0
1358841,368299,-35,24.0,8.0,Active,0,0
1180633,195608,-41,24.0,8.0,Active,0,0
2001778,183892,-34,24.0,8.0,Active,0,0
1645420,215907,-36,24.0,8.0,Active,0,0
1315516,315394,-34,24.0,8.0,Active,0,0
1844039,411418,-37,24.0,7.0,Active,0,0
2749335,448578,-36,24.0,8.0,Active,0,0
2058667,322320,-42,24.0,8.0,Active,0,0
1550665,234260,-34,25.0,8.0,Active,0,0
2580011,110391,-37,24.0,7.0,Active,0,0
1785155,309615,-34,24.0,9.0,Active,0,0
1520826,334755,-16,24.0,22.0,Active,0,0
1049797,265712,-15,12.0,11.0,Active,0,0
1571158,367439,-24,6.0,4.0,Active,0,0
2283369,293150,-16,6.0,3.0,Active,0,0
1760580,233812,-17,36.0,32.0,Active,0,0
2013838,405840,-15,10.0,8.0,Active,0,0
2689496,139070,-24,12.0,8.0,Active,0,0
2575938,266351,-18,3.0,0.0,Completed,0,0
1810305,442282,-17,12.0,8.0,Active,0,0
1956537,197295,-25,6.0,4.0,Active,0,0
2764485,157168,-25,12.0,11.0,Active,0,0
2675319,182784,-17,16.0,13.0,Active,0,0
1968730,364000,-19,18.0,17.0,Active,0,0
1189549,270115,-16,6.0,4.0,Active,0,0
1750499,333640,-19,6.0,5.0,Active,0,0
2106649,228236,-15,8.0,5.0,Active,0,0
2243927,343517,-17,4.0,0.0,Completed,0,0
1347450,418695,-22,24.0,22.0,Active,0,0
1844022,447786,-23,8.0,5.0,Active,0,0
1398499,442681,-19,14.0,13.0,Active,0,0
2233973,345593,-16,6.0,5.0,Active,0,0
1290410,260287,-15,24.0,23.0,Active,0,0
1239482,216295,-22,8.0,6.0,Active,0,0
2687776,100457,-16,24.0,23.0,Active,0,0
1472204,164812,-25,24.0,23.0,Active,0,0
1448263,364597,-18,18.0,16.0,Active,0,0
1761943,240845,-18,12.0,10.0,Active,0,0
1798387,153417,-23,24.0,23.0,Active,0,0
2274520,285105,-22,6.0,6.0,Active,0,0
2725091,299119,-20,24.0,23.0,Active,0,0
2404600,420045,-16,14.0,14.0,Active,0,0
1291788,267601,-19,6.0,4.0,Active,0,0
1966553,219781,-15,6.0,4.0,Active,0,0
2090562,389830,-22,6.0,6.0,Active,0,0
1364430,445751,-19,6.0,6.0,Active,0,0
1814557,213134,-16,6.0,6.0,Active,0,0
1217695,143544,-17,6.0,6.0,Active,0,0
1481306,130466,-24,6.0,6.0,Active,0,0
1510097,283765,-17,6.0,6.0,Active,0,0
2837716,161017,-25,6.0,3.0,Active,0,0
2077880,218694,-16,6.0,3.0,Active,0,0
1910378,206977,-20,10.0,8.0,Active,0,0
2672071,218714,-23,24.0,23.0,Active,0,0
1856089,299872,-19,1.0,0.0,Completed,0,0
1334316,311473,-21,6.0,2.0,Active,0,0
1843509,130742,-18,6.0,4.0,Active,0,0
2436205,406774,-22,6.0,6.0,Active,0,0
2054112,177886,-24,6.0,4.0,Active,0,0
2085041,266575,-15,18.0,17.0,Active,0,0
1226598,162896,-17,6.0,5.0,Active,0,0
2712832,303670,-24,14.0,13.0,Active,0,0
1280449,302060,-21,18.0,14.0,Active,0,0
1617187,274728,-22,24.0,21.0,Active,0,0
1189471,134000,-23,6.0,2.0,Active,0,0
2486736,200793,-15,8.0,5.0,Active,0,0
2702563,154785,-16,8.0,5.0,Active,0,0
2038643,369885,-15,6.0,4.0,Active,0,0
2652718,437363,-18,6.0,4.0,Active,0,0
2248795,376784,-16,8.0,4.0,Active,0,0
2672922,175298,-21,24.0,23.0,Active,0,0
1594717,112482,-19,6.0,3.0,Active,0,0
1175512,247574,-15,18.0,16.0,Active,0,0
1510071,403061,-18,18.0,14.0,Active,0,0
2572368,225196,-23,6.0,4.0,Active,0,0
1765643,432121,-18,1.0,0.0,Completed,0,0
2664981,400541,-36,24.0,9.0,Active,0,0
1641811,105956,-36,24.0,10.0,Active,0,0
1603270,427035,-37,24.0,9.0,Active,0,0
2261193,369132,-33,12.0,0.0,Active,0,0
1251279,218770,-33,24.0,9.0,Active,0,0
1267688,322923,-39,24.0,7.0,Active,0,0
1034016,203589,-34,24.0,8.0,Active,0,0
2586650,186879,-39,24.0,7.0,Active,0,0
2738376,303253,-37,24.0,9.0,Active,0,0
2623355,137388,-34,24.0,9.0,Active,0,0
1946288,205743,-35,24.0,9.0,Active,0,0
1075178,349825,-35,24.0,7.0,Active,0,0
2152996,362325,-33,24.0,8.0,Active,0,0
2017858,368803,-37,24.0,7.0,Active,0,0
1029190,294415,-34,24.0,8.0,Active,0,0
1861211,314275,-34,24.0,8.0,Active,0,0
2189655,228612,-33,24.0,9.0,Active,0,0
2776171,381081,-41,24.0,9.0,Active,0,0
2206849,358136,-33,24.0,8.0,Active,0,0
2049633,245882,-42,24.0,9.0,Active,0,0
2618499,295604,-43,24.0,7.0,Active,0,0
2260894,168265,-36,24.0,7.0,Active,0,0
2579947,279476,-36,24.0,8.0,Active,0,0
1787726,190952,-37,24.0,8.0,Active,0,0
2793691,272292,-40,24.0,8.0,Active,0,0
1664771,328032,-35,24.0,8.0,Active,0,0
1494601,324416,-43,24.0,8.0,Active,0,0
1718733,405877,-39,24.0,8.0,Active,0,0
2211632,349509,-34,24.0,9.0,Active,0,0
2366208,298065,-39,24.0,8.0,Active,0,0
2404414,154545,-35,24.0,7.0,Active,0,0
1882052,110827,-43,24.0,8.0,Active,0,0
2451573,189919,-35,24.0,8.0,Active,0,0
1274728,153783,-38,24.0,8.0,Active,0,0
2508693,403133,-33,24.0,8.0,Active,0,0
1744433,345498,-35,24.0,9.0,Active,0,0
1028923,439662,-33,24.0,8.0,Active,0,0
1844538,442731,-40,24.0,8.0,Active,0,0
1386636,270218,-36,24.0,8.0,Active,0,0
2797262,435837,-38,24.0,8.0,Active,0,0
1285782,368811,-43,24.0,9.0,Active,0,0
1077780,197736,-36,24.0,7.0,Active,0,0
1496757,197768,-42,24.0,7.0,Active,5,5
2141882,435863,-39,24.0,8.0,Active,0,0
1939864,200504,-36,24.0,8.0,Active,0,0
1686812,370331,-33,24.0,9.0,Active,0,0
2341790,423262,-34,24.0,8.0,Active,0,0
2448211,379575,-37,24.0,7.0,Active,0,0
1238126,274101,-33,24.0,9.0,Active,0,0
1557487,203737,-36,24.0,8.0,Active,0,0
2671049,210070,-41,24.0,8.0,Active,0,0
2128008,450443,-42,24.0,9.0,Active,0,0
1769734,427290,-35,24.0,8.0,Active,0,0
2077646,224823,-43,24.0,8.0,Active,0,0
1347666,180764,-41,24.0,9.0,Active,0,0
1835635,243656,-37,24.0,8.0,Active,0,0
2581933,346289,-35,14.0,0.0,Completed,0,0
2450711,290827,-41,24.0,8.0,Active,0,0
1286752,293078,-33,24.0,9.0,Active,0,0
1614111,360140,-43,24.0,8.0,Active,0,0
2354322,376687,-35,24.0,8.0,Active,0,0
2243347,119931,-35,24.0,8.0,Active,0,0
1463432,194957,-40,24.0,8.0,Active,0,0
2117098,203208,-33,24.0,8.0,Active,0,0
2104247,299106,-28,13.0,0.0,Active,0,0
1030705,375860,-27,12.0,2.0,Active,0,0
2769176,245508,-29,12.0,0.0,Completed,0,0
1994572,280448,-27,14.0,6.0,Active,8,8
1081247,217249,-26,24.0,13.0,Active,0,0
2817212,409762,-30,24.0,14.0,Active,0,0
1308044,240271,-32,12.0,4.0,Active,0,0
1067897,302533,-28,12.0,4.0,Active,0,0
1882131,371990,-26,11.0,0.0,Completed,0,0
2366181,330033,-26,12.0,0.0,Completed,0,0
2049049,378928,-26,24.0,12.0,Active,0,0
2158112,350951,-26,10.0,1.0,Active,0,0
1779760,403511,-28,12.0,2.0,Active,0,0
2149322,267646,-28,12.0,4.0,Active,0,0
1134476,317208,-25,12.0,1.0,Active,0,0
2395497,347719,-27,24.0,12.0,Active,0,0
1112427,306326,-26,14.0,1.0,Active,0,0
1899836,348692,-34,12.0,1.0,Active,0,0
1901556,381170,-30,12.0,1.0,Active,0,0
2761546,149567,-31,12.0,0.0,Active,0,0
1027217,409144,-29,12.0,0.0,Completed,0,0
2076712,274103,-25,12.0,2.0,Active,0,0
1591182,191040,-28,12.0,2.0,Active,0,0
1062841,328805,-32,14.0,6.0,Active,0,0
2178900,389724,-25,12.0,3.0,Active,0,0
1381115,140204,-34,12.0,3.0,Active,0,0
1362116,224841,-33,12.0,3.0,Active,0,0
1772994,244906,-25,12.0,0.0,Completed,0,0
2318765,453218,-30,24.0,12.0,Active,0,0
1105441,137876,-32,24.0,16.0,Active,0,0
2048608,346319,-25,12.0,2.0,Active,0,0
2346335,280839,-26,12.0,4.0,Active,0,0
2730567,141758,-27,24.0,12.0,Active,0,0
1586596,290350,-28,12.0,4.0,Active,0,0
1031004,224871,-34,14.0,6.0,Active,0,0
1101543,366700,-34,24.0,13.0,Active,0,0
1235994,192398,-26,12.0,4.0,Active,0,0
2790070,400950,-25,12.0,2.0,Active,0,0
2257562,108819,-32,14.0,7.0,Active,0,0
2284586,135034,-27,12.0,2.0,Active,0,0